date,open,,high,,low,,close,
2019-02-03 23.00.00.000,1.14517,145170,1.14574,145740,1.14516,145160,1.14555,145550
2019-02-04 00.00.00.000,1.1455,145500,1.1458,145800,1.14528,145280,1.14543,145430
2019-02-04 01.00.00.000,1.14544,145440,1.14596,145960,1.14529,145290,1.14553,145530
2019-02-04 02.00.00.000,1.14554,145540,1.14589,145890,1.14539,145390,1.14581,145810
2019-02-04 03.00.00.000,1.1458,145800,1.14602,146020,1.14528,145280,1.14534,145340
2019-02-04 04.00.00.000,1.14535,145350,1.14545,145450,1.14461,144610,1.14484,144840
2019-02-04 05.00.00.000,1.14482,144820,1.1449,144900,1.14413,144130,1.14424,144240
2019-02-04 06.00.00.000,1.14423,144230,1.1446,144600,1.14423,144230,1.14432,144320
2019-02-04 07.00.00.000,1.14435,144350,1.14444,144440,1.14395,143950,1.1444,144400
2019-02-04 08.00.00.000,1.14439,144390,1.14452,144520,1.14379,143790,1.14422,144220
2019-02-04 09.00.00.000,1.14423,144230,1.1453,145300,1.14385,143850,1.14507,145070
2019-02-04 10.00.00.000,1.14508,145080,1.14532,145320,1.14439,144390,1.14452,144520
2019-02-04 11.00.00.000,1.1445,144500,1.14481,144810,1.14405,144050,1.14464,144640
2019-02-04 12.00.00.000,1.14463,144630,1.14541,145410,1.14449,144490,1.14517,145170
2019-02-04 13.00.00.000,1.14516,145160,1.14525,145250,1.14413,144130,1.14475,144750
2019-02-04 14.00.00.000,1.14474,144740,1.1451,145100,1.14428,144280,1.14488,144880
2019-02-04 15.00.00.000,1.1449,144900,1.14502,145020,1.14245,142450,1.14262,142620
2019-02-04 16.00.00.000,1.14264,142640,1.14373,143730,1.14253,142530,1.14284,142840
2019-02-04 17.00.00.000,1.14288,142880,1.14377,143770,1.14242,142420,1.14375,143750
2019-02-04 18.00.00.000,1.14374,143740,1.14398,143980,1.14295,142950,1.1431,143100
2019-02-04 19.00.00.000,1.14312,143120,1.14346,143460,1.14264,142640,1.1432,143200
2019-02-04 20.00.00.000,1.14321,143210,1.14356,143560,1.14304,143040,1.14311,143110
2019-02-04 21.00.00.000,1.1431,143100,1.14348,143480,1.1431,143100,1.14343,143430
2019-02-04 22.00.00.000,1.14342,143420,1.14367,143670,1.14333,143330,1.14362,143620
2019-02-04 23.00.00.000,1.14358,143580,1.14372,143720,1.14341,143410,1.14347,143470
2019-02-05 00.00.00.000,1.14345,143450,1.14382,143820,1.14343,143430,1.14348,143480
2019-02-05 01.00.00.000,1.14346,143460,1.1439,143900,1.14328,143280,1.14357,143570
2019-02-05 02.00.00.000,1.14358,143580,1.14395,143950,1.14353,143530,1.1438,143800
2019-02-05 03.00.00.000,1.14376,143760,1.14403,144030,1.14372,143720,1.1439,143900
2019-02-05 04.00.00.000,1.14389,143890,1.1439,143900,1.14318,143180,1.14328,143280
2019-02-05 05.00.00.000,1.14332,143320,1.14345,143450,1.14304,143040,1.14319,143190
2019-02-05 06.00.00.000,1.14315,143150,1.14355,143550,1.14307,143070,1.1434,143400
2019-02-05 07.00.00.000,1.14339,143390,1.14339,143390,1.14288,142880,1.14326,143260
2019-02-05 08.00.00.000,1.14325,143250,1.14325,143250,1.14211,142110,1.14249,142490
2019-02-05 09.00.00.000,1.14248,142480,1.14251,142510,1.14114,141140,1.14134,141340
2019-02-05 10.00.00.000,1.14135,141350,1.14253,142530,1.14134,141340,1.14191,141910
2019-02-05 11.00.00.000,1.1419,141900,1.14225,142250,1.14165,141650,1.14172,141720
2019-02-05 12.00.00.000,1.14171,141710,1.14219,142190,1.14124,141240,1.14212,142120
2019-02-05 13.00.00.000,1.14213,142130,1.14296,142960,1.1419,141900,1.14203,142030
2019-02-05 14.00.00.000,1.14204,142040,1.14331,143310,1.14167,141670,1.14286,142860
2019-02-05 15.00.00.000,1.14287,142870,1.14336,143360,1.14115,141150,1.14141,141410
2019-02-05 16.00.00.000,1.14147,141470,1.14178,141780,1.14049,140490,1.14064,140640
2019-02-05 17.00.00.000,1.14065,140650,1.14105,141050,1.1401,140100,1.1405,140500
2019-02-05 18.00.00.000,1.14052,140520,1.14117,141170,1.14017,140170,1.14092,140920
2019-02-05 19.00.00.000,1.14091,140910,1.14171,141710,1.14091,140910,1.14124,141240
2019-02-05 20.00.00.000,1.14122,141220,1.14131,141310,1.1409,140900,1.14091,140910
2019-02-05 21.00.00.000,1.14093,140930,1.14127,141270,1.14085,140850,1.14126,141260
2019-02-05 22.00.00.000,1.14128,141280,1.14134,141340,1.14012,140120,1.14042,140420
2019-02-05 23.00.00.000,1.14023,140230,1.14062,140620,1.14023,140230,1.1404,140400
2019-02-06 00.00.00.000,1.14046,140460,1.14092,140920,1.1404,140400,1.14086,140860
2019-02-06 01.00.00.000,1.14083,140830,1.14089,140890,1.14036,140360,1.14064,140640
2019-02-06 02.00.00.000,1.14063,140630,1.14069,140690,1.13976,139760,1.1401,140100
2019-02-06 03.00.00.000,1.14011,140110,1.14063,140630,1.13959,139590,1.14027,140270
2019-02-06 04.00.00.000,1.14028,140280,1.14028,140280,1.13963,139630,1.13981,139810
2019-02-06 05.00.00.000,1.13982,139820,1.14016,140160,1.13982,139820,1.14011,140110
2019-02-06 06.00.00.000,1.14012,140120,1.14021,140210,1.13958,139580,1.13965,139650
2019-02-06 07.00.00.000,1.13967,139670,1.13979,139790,1.13875,138750,1.13899,138990
2019-02-06 08.00.00.000,1.13898,138980,1.13901,139010,1.138,138000,1.13891,138910
2019-02-06 09.00.00.000,1.13889,138890,1.1395,139500,1.13818,138180,1.13911,139110
2019-02-06 10.00.00.000,1.13913,139130,1.13954,139540,1.1388,138800,1.13882,138820
2019-02-06 11.00.00.000,1.13881,138810,1.13985,139850,1.13869,138690,1.13965,139650
2019-02-06 12.00.00.000,1.13966,139660,1.13969,139690,1.13829,138290,1.13845,138450
2019-02-06 13.00.00.000,1.13844,138440,1.1395,139500,1.13837,138370,1.13915,139150
2019-02-06 14.00.00.000,1.13917,139170,1.13953,139530,1.1386,138600,1.13865,138650
2019-02-06 15.00.00.000,1.1387,138700,1.13899,138990,1.13815,138150,1.13829,138290
2019-02-06 16.00.00.000,1.1383,138300,1.13861,138610,1.13749,137490,1.13769,137690
2019-02-06 17.00.00.000,1.1377,137700,1.13822,138220,1.13746,137460,1.13796,137960
2019-02-06 18.00.00.000,1.13797,137970,1.13818,138180,1.13743,137430,1.13752,137520
2019-02-06 19.00.00.000,1.13751,137510,1.13757,137570,1.13641,136410,1.13659,136590
2019-02-06 20.00.00.000,1.1366,136600,1.13661,136610,1.13619,136190,1.13641,136410
2019-02-06 21.00.00.000,1.1364,136400,1.13695,136950,1.13629,136290,1.13681,136810
2019-02-06 22.00.00.000,1.13676,136760,1.13676,136760,1.13606,136060,1.13614,136140
2019-02-06 23.00.00.000,1.13626,136260,1.1367,136700,1.13619,136190,1.1367,136700
2019-02-07 00.00.00.000,1.13667,136670,1.13682,136820,1.13649,136490,1.13654,136540
2019-02-07 01.00.00.000,1.13655,136550,1.13674,136740,1.13636,136360,1.13643,136430
2019-02-07 02.00.00.000,1.13645,136450,1.13652,136520,1.13591,135910,1.13605,136050
2019-02-07 03.00.00.000,1.13606,136060,1.13626,136260,1.13584,135840,1.13606,136060
2019-02-07 04.00.00.000,1.13607,136070,1.13611,136110,1.1359,135900,1.13596,135960
2019-02-07 05.00.00.000,1.13595,135950,1.13618,136180,1.13567,135670,1.13617,136170
2019-02-07 06.00.00.000,1.13619,136190,1.13643,136430,1.13593,135930,1.13594,135940
2019-02-07 07.00.00.000,1.13593,135930,1.13664,136640,1.13589,135890,1.1366,136600
2019-02-07 08.00.00.000,1.13659,136590,1.13659,136590,1.13533,135330,1.13541,135410
2019-02-07 09.00.00.000,1.1354,135400,1.13568,135680,1.13464,134640,1.13551,135510
2019-02-07 10.00.00.000,1.13552,135520,1.13552,135520,1.13399,133990,1.13448,134480
2019-02-07 11.00.00.000,1.13449,134490,1.13462,134620,1.13317,133170,1.13363,133630
2019-02-07 12.00.00.000,1.13362,133620,1.13369,133690,1.13244,132440,1.1328,132800
2019-02-07 13.00.00.000,1.13281,132810,1.13441,134410,1.13267,132670,1.13441,134410
2019-02-07 14.00.00.000,1.13442,134420,1.13481,134810,1.13298,132980,1.13306,133060
2019-02-07 15.00.00.000,1.13307,133070,1.13516,135160,1.13304,133040,1.13465,134650
2019-02-07 16.00.00.000,1.13469,134690,1.13589,135890,1.13462,134620,1.13561,135610
2019-02-07 17.00.00.000,1.13565,135650,1.1359,135900,1.13537,135370,1.13561,135610
2019-02-07 18.00.00.000,1.13562,135620,1.13598,135980,1.13488,134880,1.13489,134890
2019-02-07 19.00.00.000,1.1349,134900,1.13558,135580,1.1347,134700,1.13535,135350
2019-02-07 20.00.00.000,1.13536,135360,1.13541,135410,1.1347,134700,1.13493,134930
2019-02-07 21.00.00.000,1.13495,134950,1.13532,135320,1.13423,134230,1.13423,134230
2019-02-07 22.00.00.000,1.13426,134260,1.1346,134600,1.13361,133610,1.13377,133770
2019-02-07 23.00.00.000,1.13395,133950,1.13438,134380,1.1338,133800,1.13418,134180
2019-02-08 00.00.00.000,1.13419,134190,1.13419,134190,1.13372,133720,1.13381,133810
2019-02-08 01.00.00.000,1.13382,133820,1.13407,134070,1.13351,133510,1.13401,134010
2019-02-08 02.00.00.000,1.13402,134020,1.13409,134090,1.13366,133660,1.13375,133750
2019-02-08 03.00.00.000,1.13374,133740,1.13391,133910,1.13356,133560,1.1338,133800
2019-02-08 04.00.00.000,1.13379,133790,1.1341,134100,1.13375,133750,1.13402,134020
2019-02-08 05.00.00.000,1.13399,133990,1.13433,134330,1.13392,133920,1.13407,134070
2019-02-08 06.00.00.000,1.13406,134060,1.13411,134110,1.13381,133810,1.13392,133920
2019-02-08 07.00.00.000,1.13393,133930,1.13402,134020,1.13361,133610,1.13382,133820
2019-02-08 08.00.00.000,1.13381,133810,1.13429,134290,1.13339,133390,1.134,134000
2019-02-08 09.00.00.000,1.13399,133990,1.13399,133990,1.13228,132280,1.13321,133210
2019-02-08 10.00.00.000,1.13322,133220,1.13325,133250,1.13227,132270,1.13255,132550
2019-02-08 11.00.00.000,1.1326,132600,1.13397,133970,1.1326,132600,1.13378,133780
2019-02-08 12.00.00.000,1.13377,133770,1.13436,134360,1.1337,133700,1.13392,133920
2019-02-08 13.00.00.000,1.1339,133900,1.13476,134760,1.1336,133600,1.13473,134730
2019-02-08 14.00.00.000,1.13474,134740,1.13507,135070,1.1343,134300,1.13467,134670
2019-02-08 15.00.00.000,1.13466,134660,1.13489,134890,1.13337,133370,1.13376,133760
2019-02-08 16.00.00.000,1.13377,133770,1.13414,134140,1.13266,132660,1.13282,132820
2019-02-08 17.00.00.000,1.13285,132850,1.13312,133120,1.1321,132100,1.13256,132560
2019-02-08 18.00.00.000,1.13257,132570,1.13327,133270,1.1325,132500,1.13294,132940
2019-02-08 19.00.00.000,1.13296,132960,1.13308,133080,1.13216,132160,1.13246,132460
2019-02-08 20.00.00.000,1.13247,132470,1.13267,132670,1.13212,132120,1.13226,132260
2019-02-08 21.00.00.000,1.13232,132320,1.13245,132450,1.13209,132090,1.1322,132200
2019-02-10 22.00.00.000,1.13221,132210,1.13248,132480,1.13203,132030,1.13203,132030
2019-02-10 23.00.00.000,1.13191,131910,1.13234,132340,1.13144,131440,1.1318,131800
2019-02-11 00.00.00.000,1.13182,131820,1.13247,132470,1.13182,131820,1.13237,132370
2019-02-11 01.00.00.000,1.13238,132380,1.13252,132520,1.13225,132250,1.13233,132330
2019-02-11 02.00.00.000,1.13236,132360,1.13275,132750,1.13236,132360,1.13272,132720
2019-02-11 03.00.00.000,1.13271,132710,1.13276,132760,1.13238,132380,1.13242,132420
2019-02-11 04.00.00.000,1.13244,132440,1.13248,132480,1.13185,131850,1.13202,132020
2019-02-11 05.00.00.000,1.13203,132030,1.13209,132090,1.13181,131810,1.13193,131930
2019-02-11 06.00.00.000,1.13194,131940,1.1324,132400,1.13183,131830,1.1324,132400
2019-02-11 07.00.00.000,1.13241,132410,1.13297,132970,1.13228,132280,1.13271,132710
2019-02-11 08.00.00.000,1.13274,132740,1.13275,132750,1.13162,131620,1.13208,132080
2019-02-11 09.00.00.000,1.13209,132090,1.13221,132210,1.13081,130810,1.13113,131130
2019-02-11 10.00.00.000,1.13112,131120,1.13164,131640,1.13019,130190,1.13024,130240
2019-02-11 11.00.00.000,1.13026,130260,1.13056,130560,1.12967,129670,1.13039,130390
2019-02-11 12.00.00.000,1.13038,130380,1.13213,132130,1.13036,130360,1.13135,131350
2019-02-11 13.00.00.000,1.13133,131330,1.13138,131380,1.13032,130320,1.13122,131220
2019-02-11 14.00.00.000,1.13124,131240,1.13143,131430,1.13055,130550,1.13101,131010
2019-02-11 15.00.00.000,1.13102,131020,1.13119,131190,1.12824,128240,1.12915,129150
2019-02-11 16.00.00.000,1.12916,129160,1.13013,130130,1.12722,127220,1.12759,127590
2019-02-11 17.00.00.000,1.12758,127580,1.12832,128320,1.12746,127460,1.12759,127590
2019-02-11 18.00.00.000,1.12762,127620,1.12788,127880,1.12688,126880,1.12704,127040
2019-02-11 19.00.00.000,1.12703,127030,1.12736,127360,1.12672,126720,1.12706,127060
2019-02-11 20.00.00.000,1.12708,127080,1.12777,127770,1.12698,126980,1.1276,127600
2019-02-11 21.00.00.000,1.12758,127580,1.12781,127810,1.12745,127450,1.12762,127620
2019-02-11 22.00.00.000,1.12763,127630,1.12773,127730,1.12741,127410,1.12748,127480
2019-02-11 23.00.00.000,1.12751,127510,1.12775,127750,1.12749,127490,1.12767,127670
2019-02-12 00.00.00.000,1.12766,127660,1.12791,127910,1.12743,127430,1.12784,127840
2019-02-12 01.00.00.000,1.1278,127800,1.12793,127930,1.12722,127220,1.12759,127590
2019-02-12 02.00.00.000,1.1276,127600,1.12826,128260,1.12737,127370,1.12821,128210
2019-02-12 03.00.00.000,1.12823,128230,1.12848,128480,1.12783,127830,1.12835,128350
2019-02-12 04.00.00.000,1.12834,128340,1.12836,128360,1.12791,127910,1.12803,128030
2019-02-12 05.00.00.000,1.12804,128040,1.12804,128040,1.12759,127590,1.1276,127600
2019-02-12 06.00.00.000,1.12761,127610,1.12814,128140,1.12748,127480,1.12792,127920
2019-02-12 07.00.00.000,1.1279,127900,1.12852,128520,1.12784,127840,1.1284,128400
2019-02-12 08.00.00.000,1.12839,128390,1.12878,128780,1.12786,127860,1.1285,128500
2019-02-12 09.00.00.000,1.12851,128510,1.12904,129040,1.12577,125770,1.12658,126580
2019-02-12 10.00.00.000,1.12656,126560,1.12761,127610,1.12625,126250,1.12742,127420
2019-02-12 11.00.00.000,1.12741,127410,1.12862,128620,1.12728,127280,1.1286,128600
2019-02-12 12.00.00.000,1.12858,128580,1.12858,128580,1.12739,127390,1.12822,128220
2019-02-12 13.00.00.000,1.12826,128260,1.12952,129520,1.12801,128010,1.12893,128930
2019-02-12 14.00.00.000,1.12891,128910,1.12972,129720,1.12886,128860,1.12925,129250
2019-02-12 15.00.00.000,1.12926,129260,1.13034,130340,1.12899,128990,1.12951,129510
2019-02-12 16.00.00.000,1.12952,129520,1.12993,129930,1.12872,128720,1.12986,129860
2019-02-12 17.00.00.000,1.12985,129850,1.13218,132180,1.12983,129830,1.13154,131540
2019-02-12 18.00.00.000,1.13156,131560,1.13225,132250,1.13128,131280,1.13196,131960
2019-02-12 19.00.00.000,1.13195,131950,1.13394,133940,1.13194,131940,1.1331,133100
2019-02-12 20.00.00.000,1.13313,133130,1.13368,133680,1.13303,133030,1.13319,133190
2019-02-12 21.00.00.000,1.13317,133170,1.1335,133500,1.13293,132930,1.13314,133140
2019-02-12 22.00.00.000,1.13313,133130,1.13326,133260,1.1326,132600,1.13262,132620
2019-02-12 23.00.00.000,1.13243,132430,1.13299,132990,1.13242,132420,1.13288,132880
2019-02-13 00.00.00.000,1.13285,132850,1.1338,133800,1.13283,132830,1.13336,133360
2019-02-13 01.00.00.000,1.13332,133320,1.13353,133530,1.1327,132700,1.13277,132770
2019-02-13 02.00.00.000,1.13279,132790,1.13363,133630,1.13276,132760,1.13349,133490
2019-02-13 03.00.00.000,1.13348,133480,1.13382,133820,1.13335,133350,1.13356,133560
2019-02-13 04.00.00.000,1.13353,133530,1.13413,134130,1.13349,133490,1.13402,134020
2019-02-13 05.00.00.000,1.13401,134010,1.13401,134010,1.1336,133600,1.13366,133660
2019-02-13 06.00.00.000,1.13365,133650,1.13395,133950,1.13341,133410,1.1338,133800
2019-02-13 07.00.00.000,1.13378,133780,1.13384,133840,1.13295,132950,1.13321,133210
2019-02-13 08.00.00.000,1.13319,133190,1.13334,133340,1.1319,131900,1.13196,131960
2019-02-13 09.00.00.000,1.13192,131920,1.13281,132810,1.13128,131280,1.13274,132740
2019-02-13 10.00.00.000,1.13277,132770,1.13342,133420,1.13204,132040,1.13204,132040
2019-02-13 11.00.00.000,1.13207,132070,1.13207,132070,1.13126,131260,1.13168,131680
2019-02-13 12.00.00.000,1.1317,131700,1.13311,133110,1.13111,131110,1.13295,132950
2019-02-13 13.00.00.000,1.13291,132910,1.13294,132940,1.13047,130470,1.13055,130550
2019-02-13 14.00.00.000,1.13057,130570,1.13087,130870,1.12888,128880,1.12911,129110
2019-02-13 15.00.00.000,1.12912,129120,1.12987,129870,1.12807,128070,1.12981,129810
2019-02-13 16.00.00.000,1.1298,129800,1.13038,130380,1.12856,128560,1.12864,128640
2019-02-13 17.00.00.000,1.12865,128650,1.12904,129040,1.12831,128310,1.12875,128750
2019-02-13 18.00.00.000,1.12876,128760,1.12899,128990,1.12725,127250,1.12761,127610
2019-02-13 19.00.00.000,1.12762,127620,1.12828,128280,1.12761,127610,1.12792,127920
2019-02-13 20.00.00.000,1.1279,127900,1.1279,127900,1.12669,126690,1.12702,127020
2019-02-13 21.00.00.000,1.12701,127010,1.12718,127180,1.1264,126400,1.12662,126620
2019-02-13 22.00.00.000,1.12658,126580,1.12674,126740,1.12601,126010,1.12608,126080
2019-02-13 23.00.00.000,1.126,126000,1.12659,126590,1.12487,124870,1.12564,125640
2019-02-14 00.00.00.000,1.12563,125630,1.12649,126490,1.12553,125530,1.12645,126450
2019-02-14 01.00.00.000,1.12642,126420,1.12683,126830,1.12607,126070,1.12641,126410
2019-02-14 02.00.00.000,1.1264,126400,1.12696,126960,1.12623,126230,1.12694,126940
2019-02-14 03.00.00.000,1.12693,126930,1.12724,127240,1.12685,126850,1.1272,127200
2019-02-14 04.00.00.000,1.12722,127220,1.12835,128350,1.12721,127210,1.12819,128190
2019-02-14 05.00.00.000,1.12818,128180,1.12819,128190,1.12766,127660,1.12799,127990
2019-02-14 06.00.00.000,1.128,128000,1.12834,128340,1.12787,127870,1.12798,127980
2019-02-14 07.00.00.000,1.12799,127990,1.12803,128030,1.12742,127420,1.12774,127740
2019-02-14 08.00.00.000,1.12773,127730,1.12947,129470,1.12717,127170,1.1286,128600
2019-02-14 09.00.00.000,1.12861,128610,1.129,129000,1.12498,124980,1.12596,125960
2019-02-14 10.00.00.000,1.12595,125950,1.12697,126970,1.12564,125640,1.12663,126630
2019-02-14 11.00.00.000,1.12664,126640,1.12819,128190,1.12661,126610,1.12716,127160
2019-02-14 12.00.00.000,1.12717,127170,1.12796,127960,1.12649,126490,1.12691,126910
2019-02-14 13.00.00.000,1.1269,126900,1.12767,127670,1.12634,126340,1.12656,126560
2019-02-14 14.00.00.000,1.12655,126550,1.13097,130970,1.1261,126100,1.13024,130240
2019-02-14 15.00.00.000,1.1302,130200,1.13048,130480,1.12885,128850,1.12958,129580
2019-02-14 16.00.00.000,1.12959,129590,1.12964,129640,1.12645,126450,1.12761,127610
2019-02-14 17.00.00.000,1.12762,127620,1.12841,128410,1.12706,127060,1.12837,128370
2019-02-14 18.00.00.000,1.12835,128350,1.12981,129810,1.12806,128060,1.12966,129660
2019-02-14 19.00.00.000,1.12963,129630,1.13003,130030,1.1292,129200,1.12994,129940
2019-02-14 20.00.00.000,1.12995,129950,1.13026,130260,1.1297,129700,1.13007,130070
2019-02-14 21.00.00.000,1.13008,130080,1.1301,130100,1.12913,129130,1.12915,129150
2019-02-14 22.00.00.000,1.12914,129140,1.12948,129480,1.12908,129080,1.12944,129440
2019-02-14 23.00.00.000,1.1294,129400,1.1296,129600,1.12931,129310,1.12942,129420
2019-02-15 00.00.00.000,1.12943,129430,1.12966,129660,1.12937,129370,1.12945,129450
2019-02-15 01.00.00.000,1.12944,129440,1.12968,129680,1.12898,128980,1.12925,129250
2019-02-15 02.00.00.000,1.12926,129260,1.12926,129260,1.12855,128550,1.12871,128710
2019-02-15 03.00.00.000,1.12873,128730,1.12888,128880,1.12844,128440,1.12881,128810
2019-02-15 04.00.00.000,1.1288,128800,1.12891,128910,1.12857,128570,1.12863,128630
2019-02-15 05.00.00.000,1.12862,128620,1.1287,128700,1.12835,128350,1.1287,128700
2019-02-15 06.00.00.000,1.12869,128690,1.12875,128750,1.12825,128250,1.12848,128480
2019-02-15 07.00.00.000,1.12849,128490,1.12895,128950,1.12844,128440,1.12891,128910
2019-02-15 08.00.00.000,1.1289,128900,1.12911,129110,1.12714,127140,1.12792,127920
2019-02-15 09.00.00.000,1.12791,127910,1.12806,128060,1.12682,126820,1.12762,127620
2019-02-15 10.00.00.000,1.12761,127610,1.12838,128380,1.12716,127160,1.12831,128310
2019-02-15 11.00.00.000,1.12832,128320,1.12862,128620,1.1274,127400,1.12742,127420
2019-02-15 12.00.00.000,1.12743,127430,1.12773,127730,1.12716,127160,1.12727,127270
2019-02-15 13.00.00.000,1.12726,127260,1.12799,127990,1.12582,125820,1.12626,126260
2019-02-15 14.00.00.000,1.12628,126280,1.12638,126380,1.12339,123390,1.12526,125260
2019-02-15 15.00.00.000,1.12527,125270,1.12852,128520,1.12516,125160,1.12688,126880
2019-02-15 16.00.00.000,1.12687,126870,1.12762,127620,1.12576,125760,1.12631,126310
2019-02-15 17.00.00.000,1.12634,126340,1.12748,127480,1.12607,126070,1.12679,126790
2019-02-15 18.00.00.000,1.12678,126780,1.1277,127700,1.12666,126660,1.1273,127300
2019-02-15 19.00.00.000,1.12729,127290,1.1306,130600,1.12719,127190,1.12998,129980
2019-02-15 20.00.00.000,1.12997,129970,1.13031,130310,1.1294,129400,1.12949,129490
2019-02-15 21.00.00.000,1.1295,129500,1.13007,130070,1.12946,129460,1.12989,129890
2019-02-17 22.00.00.000,1.1299,129900,1.12995,129950,1.12896,128960,1.12911,129110
2019-02-17 23.00.00.000,1.12924,129240,1.12937,129370,1.12889,128890,1.12898,128980
2019-02-18 00.00.00.000,1.129,129000,1.12958,129580,1.12893,128930,1.12948,129480
2019-02-18 01.00.00.000,1.12947,129470,1.13049,130490,1.12936,129360,1.13029,130290
2019-02-18 02.00.00.000,1.13028,130280,1.13114,131140,1.13027,130270,1.13095,130950
2019-02-18 03.00.00.000,1.13094,130940,1.1325,132500,1.13092,130920,1.13175,131750
2019-02-18 04.00.00.000,1.13174,131740,1.13215,132150,1.13161,131610,1.13171,131710
2019-02-18 05.00.00.000,1.13174,131740,1.13182,131820,1.13107,131070,1.13119,131190
2019-02-18 06.00.00.000,1.1312,131200,1.13132,131320,1.13065,130650,1.13082,130820
2019-02-18 07.00.00.000,1.13083,130830,1.13114,131140,1.13063,130630,1.13081,130810
2019-02-18 08.00.00.000,1.1308,130800,1.13156,131560,1.13015,130150,1.13071,130710
2019-02-18 09.00.00.000,1.13067,130670,1.13086,130860,1.12948,129480,1.13075,130750
2019-02-18 10.00.00.000,1.13074,130740,1.13186,131860,1.13057,130570,1.13152,131520
2019-02-18 11.00.00.000,1.13153,131530,1.13301,133010,1.13109,131090,1.13277,132770
2019-02-18 12.00.00.000,1.13278,132780,1.13311,133110,1.13242,132420,1.13301,133010
2019-02-18 13.00.00.000,1.13303,133030,1.13337,133370,1.13246,132460,1.13307,133070
2019-02-18 14.00.00.000,1.13306,133060,1.13308,133080,1.13202,132020,1.13218,132180
2019-02-18 15.00.00.000,1.13217,132170,1.1327,132700,1.13195,131950,1.13217,132170
2019-02-18 16.00.00.000,1.13218,132180,1.13222,132220,1.13045,130450,1.13066,130660
2019-02-18 17.00.00.000,1.1307,130700,1.13133,131330,1.13045,130450,1.1306,130600
2019-02-18 18.00.00.000,1.13059,130590,1.13109,131090,1.13022,130220,1.13108,131080
2019-02-18 19.00.00.000,1.13107,131070,1.13131,131310,1.13072,130720,1.13102,131020
2019-02-18 20.00.00.000,1.13103,131030,1.13124,131240,1.1309,130900,1.1312,131200
2019-02-18 21.00.00.000,1.13119,131190,1.13161,131610,1.13111,131110,1.13141,131410
2019-02-18 22.00.00.000,1.13142,131420,1.13152,131520,1.13076,130760,1.13083,130830
2019-02-18 23.00.00.000,1.13101,131010,1.13105,131050,1.13082,130820,1.13096,130960
2019-02-19 00.00.00.000,1.13097,130970,1.13126,131260,1.13093,130930,1.13114,131140
2019-02-19 01.00.00.000,1.13113,131130,1.13137,131370,1.1303,130300,1.13054,130540
2019-02-19 02.00.00.000,1.13055,130550,1.13071,130710,1.13022,130220,1.1304,130400
2019-02-19 03.00.00.000,1.13039,130390,1.13048,130480,1.12978,129780,1.1301,130100
2019-02-19 04.00.00.000,1.13011,130110,1.1303,130300,1.12937,129370,1.12954,129540
2019-02-19 05.00.00.000,1.12953,129530,1.12981,129810,1.12929,129290,1.12965,129650
2019-02-19 06.00.00.000,1.12964,129640,1.12996,129960,1.12943,129430,1.12993,129930
2019-02-19 07.00.00.000,1.12994,129940,1.12996,129960,1.12934,129340,1.12958,129580
2019-02-19 08.00.00.000,1.12957,129570,1.13051,130510,1.12953,129530,1.12992,129920
2019-02-19 09.00.00.000,1.1299,129900,1.13241,132410,1.12943,129430,1.13216,132160
2019-02-19 10.00.00.000,1.13217,132170,1.13245,132450,1.13008,130080,1.13029,130290
2019-02-19 11.00.00.000,1.1302,130200,1.13141,131410,1.12993,129930,1.13068,130680
2019-02-19 12.00.00.000,1.13069,130690,1.13101,131010,1.12753,127530,1.12829,128290
2019-02-19 13.00.00.000,1.12828,128280,1.12885,128850,1.12764,127640,1.12871,128710
2019-02-19 14.00.00.000,1.12869,128690,1.13007,130070,1.12861,128610,1.12957,129570
2019-02-19 15.00.00.000,1.12958,129580,1.13222,132220,1.12957,129570,1.13195,131950
2019-02-19 16.00.00.000,1.13193,131930,1.13395,133950,1.13161,131610,1.13341,133410
2019-02-19 17.00.00.000,1.13336,133360,1.13424,134240,1.13278,132780,1.13279,132790
2019-02-19 18.00.00.000,1.13276,132760,1.13573,135730,1.13205,132050,1.1348,134800
2019-02-19 19.00.00.000,1.13479,134790,1.13536,135360,1.1345,134500,1.13489,134890
2019-02-19 20.00.00.000,1.13488,134880,1.13503,135030,1.13356,133560,1.13402,134020
2019-02-19 21.00.00.000,1.13401,134010,1.13443,134430,1.13391,133910,1.13426,134260
2019-02-19 22.00.00.000,1.13424,134240,1.13424,134240,1.13394,133940,1.13401,134010
2019-02-19 23.00.00.000,1.13406,134060,1.1344,134400,1.13352,133520,1.13389,133890
2019-02-20 00.00.00.000,1.13388,133880,1.13407,134070,1.1338,133800,1.13396,133960
2019-02-20 01.00.00.000,1.13397,133970,1.13534,135340,1.13396,133960,1.13498,134980
2019-02-20 02.00.00.000,1.13497,134970,1.13559,135590,1.13477,134770,1.13542,135420
2019-02-20 03.00.00.000,1.13543,135430,1.13554,135540,1.13499,134990,1.13502,135020
2019-02-20 04.00.00.000,1.13501,135010,1.13506,135060,1.13427,134270,1.13449,134490
2019-02-20 05.00.00.000,1.1345,134500,1.1346,134600,1.13419,134190,1.13435,134350
2019-02-20 06.00.00.000,1.13436,134360,1.13456,134560,1.13374,133740,1.13374,133740
2019-02-20 07.00.00.000,1.13375,133750,1.13398,133980,1.13326,133260,1.13335,133350
2019-02-20 08.00.00.000,1.13334,133340,1.13456,134560,1.13314,133140,1.13434,134340
2019-02-20 09.00.00.000,1.13433,134330,1.1353,135300,1.13368,133680,1.13447,134470
2019-02-20 10.00.00.000,1.13446,134460,1.13582,135820,1.13413,134130,1.13467,134670
2019-02-20 11.00.00.000,1.13464,134640,1.13471,134710,1.1337,133700,1.13422,134220
2019-02-20 12.00.00.000,1.13421,134210,1.13421,134210,1.133,133000,1.13354,133540
2019-02-20 13.00.00.000,1.13351,133510,1.1346,134600,1.13248,132480,1.13396,133960
2019-02-20 14.00.00.000,1.13397,133970,1.13455,134550,1.13314,133140,1.13365,133650
2019-02-20 15.00.00.000,1.1337,133700,1.13408,134080,1.13299,132990,1.13382,133820
2019-02-20 16.00.00.000,1.13383,133830,1.13502,135020,1.13356,133560,1.13489,134890
2019-02-20 17.00.00.000,1.13491,134910,1.13693,136930,1.13478,134780,1.13681,136810
2019-02-20 18.00.00.000,1.1368,136800,1.13702,137020,1.13603,136030,1.13657,136570
2019-02-20 19.00.00.000,1.1366,136600,1.1371,137100,1.13621,136210,1.13625,136250
2019-02-20 20.00.00.000,1.13628,136280,1.13665,136650,1.13349,133490,1.13509,135090
2019-02-20 21.00.00.000,1.1351,135100,1.13511,135110,1.13399,133990,1.13399,133990
2019-02-20 22.00.00.000,1.13397,133970,1.13409,134090,1.13358,133580,1.1337,133700
2019-02-20 23.00.00.000,1.13373,133730,1.13459,134590,1.13372,133720,1.13448,134480
2019-02-21 00.00.00.000,1.13449,134490,1.13467,134670,1.13432,134320,1.1346,134600
2019-02-21 01.00.00.000,1.13463,134630,1.13479,134790,1.13406,134060,1.13425,134250
2019-02-21 02.00.00.000,1.13426,134260,1.13439,134390,1.13324,133240,1.13342,133420
2019-02-21 03.00.00.000,1.13344,133440,1.13403,134030,1.13344,133440,1.13381,133810
2019-02-21 04.00.00.000,1.1338,133800,1.135,135000,1.13371,133710,1.1348,134800
2019-02-21 05.00.00.000,1.13478,134780,1.13515,135150,1.1347,134700,1.13496,134960
2019-02-21 06.00.00.000,1.13497,134970,1.13526,135260,1.13355,133550,1.1336,133600
2019-02-21 07.00.00.000,1.13361,133610,1.13361,133610,1.13252,132520,1.13301,133010
2019-02-21 08.00.00.000,1.13302,133020,1.13395,133950,1.13205,132050,1.13346,133460
2019-02-21 09.00.00.000,1.13345,133450,1.1363,136300,1.13343,133430,1.13557,135570
2019-02-21 10.00.00.000,1.13558,135580,1.13558,135580,1.13221,132210,1.13273,132730
2019-02-21 11.00.00.000,1.13272,132720,1.13446,134460,1.13234,132340,1.13442,134420
2019-02-21 12.00.00.000,1.13443,134430,1.135,135000,1.13382,133820,1.13498,134980
2019-02-21 13.00.00.000,1.13499,134990,1.13566,135660,1.1349,134900,1.13514,135140
2019-02-21 14.00.00.000,1.13515,135150,1.13662,136620,1.13486,134860,1.13621,136210
2019-02-21 15.00.00.000,1.13625,136250,1.13656,136560,1.13385,133850,1.13428,134280
2019-02-21 16.00.00.000,1.1343,134300,1.13519,135190,1.13399,133990,1.13472,134720
2019-02-21 17.00.00.000,1.13473,134730,1.13477,134770,1.13306,133060,1.13381,133810
2019-02-21 18.00.00.000,1.1338,133800,1.13381,133810,1.13229,132290,1.13302,133020
2019-02-21 19.00.00.000,1.13303,133030,1.13323,133230,1.13268,132680,1.13295,132950
2019-02-21 20.00.00.000,1.13293,132930,1.13367,133670,1.1327,132700,1.13361,133610
2019-02-21 21.00.00.000,1.13362,133620,1.13406,134060,1.13329,133290,1.13383,133830
2019-02-21 22.00.00.000,1.13379,133790,1.13397,133970,1.13316,133160,1.13322,133220
2019-02-21 23.00.00.000,1.13302,133020,1.13374,133740,1.133,133000,1.1336,133600
2019-02-22 00.00.00.000,1.13359,133590,1.134,134000,1.13345,133450,1.13395,133950
2019-02-22 01.00.00.000,1.13393,133930,1.13415,134150,1.1338,133800,1.1339,133900
2019-02-22 02.00.00.000,1.13391,133910,1.13401,134010,1.13322,133220,1.13373,133730
2019-02-22 03.00.00.000,1.13376,133760,1.13402,134020,1.13366,133660,1.13392,133920
2019-02-22 04.00.00.000,1.13391,133910,1.13396,133960,1.13318,133180,1.13387,133870
2019-02-22 05.00.00.000,1.13385,133850,1.13385,133850,1.13324,133240,1.1336,133600
2019-02-22 06.00.00.000,1.13359,133590,1.13385,133850,1.13326,133260,1.1338,133800
2019-02-22 07.00.00.000,1.13379,133790,1.13445,134450,1.13359,133590,1.13431,134310
2019-02-22 08.00.00.000,1.1343,134300,1.1349,134900,1.13412,134120,1.13462,134620
2019-02-22 09.00.00.000,1.13461,134610,1.13514,135140,1.13416,134160,1.1348,134800
2019-02-22 10.00.00.000,1.13479,134790,1.13487,134870,1.13379,133790,1.13395,133950
2019-02-22 11.00.00.000,1.13394,133940,1.13418,134180,1.13348,133480,1.13415,134150
2019-02-22 12.00.00.000,1.13417,134170,1.13446,134460,1.1335,133500,1.13383,133830
2019-02-22 13.00.00.000,1.13382,133820,1.13385,133850,1.13254,132540,1.13267,132670
2019-02-22 14.00.00.000,1.13268,132680,1.13385,133850,1.1316,131600,1.13361,133610
2019-02-22 15.00.00.000,1.1336,133600,1.13432,134320,1.13278,132780,1.13342,133420
2019-02-22 16.00.00.000,1.13343,133430,1.13554,135540,1.13341,133410,1.13396,133960
2019-02-22 17.00.00.000,1.13395,133950,1.13448,134480,1.13349,133490,1.13403,134030
2019-02-22 18.00.00.000,1.13404,134040,1.13549,135490,1.13278,132780,1.13452,134520
2019-02-22 19.00.00.000,1.13453,134530,1.13482,134820,1.13424,134240,1.13433,134330
2019-02-22 20.00.00.000,1.13434,134340,1.13439,134390,1.1335,133500,1.1337,133700
2019-02-22 21.00.00.000,1.13371,133710,1.13381,133810,1.13318,133180,1.13319,133190
2019-02-24 22.00.00.000,1.1332,133200,1.13332,133320,1.13295,132950,1.13303,133030
2019-02-24 23.00.00.000,1.13284,132840,1.13374,133740,1.13283,132830,1.13358,133580
2019-02-25 00.00.00.000,1.13361,133610,1.1342,134200,1.13346,133460,1.1342,134200
2019-02-25 01.00.00.000,1.13421,134210,1.1348,134800,1.13379,133790,1.13476,134760
2019-02-25 02.00.00.000,1.13475,134750,1.13491,134910,1.13431,134310,1.13444,134440
2019-02-25 03.00.00.000,1.13442,134420,1.13451,134510,1.1337,133700,1.13399,133990
2019-02-25 04.00.00.000,1.13398,133980,1.13439,134390,1.13378,133780,1.13436,134360
2019-02-25 05.00.00.000,1.13435,134350,1.13435,134350,1.13396,133960,1.13397,133970
2019-02-25 06.00.00.000,1.13396,133960,1.13431,134310,1.13387,133870,1.13425,134250
2019-02-25 07.00.00.000,1.13426,134260,1.13498,134980,1.13422,134220,1.13482,134820
2019-02-25 08.00.00.000,1.13481,134810,1.13586,135860,1.13481,134810,1.13564,135640
2019-02-25 09.00.00.000,1.13561,135610,1.13569,135690,1.13415,134150,1.13445,134450
2019-02-25 10.00.00.000,1.13443,134430,1.13525,135250,1.13435,134350,1.13492,134920
2019-02-25 11.00.00.000,1.13489,134890,1.13672,136720,1.13484,134840,1.13638,136380
2019-02-25 12.00.00.000,1.13639,136390,1.13673,136730,1.13607,136070,1.13647,136470
2019-02-25 13.00.00.000,1.13646,136460,1.13647,136470,1.13544,135440,1.1357,135700
2019-02-25 14.00.00.000,1.13571,135710,1.13594,135940,1.13482,134820,1.13544,135440
2019-02-25 15.00.00.000,1.13545,135450,1.13607,136070,1.13502,135020,1.13519,135190
2019-02-25 16.00.00.000,1.1352,135200,1.13586,135860,1.134,134000,1.13462,134620
2019-02-25 17.00.00.000,1.13463,134630,1.13544,135440,1.13434,134340,1.13445,134450
2019-02-25 18.00.00.000,1.13442,134420,1.1349,134900,1.13365,133650,1.13476,134760
2019-02-25 19.00.00.000,1.13474,134740,1.13555,135550,1.13444,134440,1.13554,135540
2019-02-25 20.00.00.000,1.13553,135530,1.13648,136480,1.13539,135390,1.13642,136420
2019-02-25 21.00.00.000,1.13646,136460,1.13672,136720,1.13611,136110,1.13612,136120
2019-02-25 22.00.00.000,1.13613,136130,1.13619,136190,1.13562,135620,1.13566,135660
2019-02-25 23.00.00.000,1.13581,135810,1.13632,136320,1.13557,135570,1.13596,135960
2019-02-26 00.00.00.000,1.13593,135930,1.13649,136490,1.13572,135720,1.13645,136450
2019-02-26 01.00.00.000,1.13641,136410,1.13651,136510,1.13605,136050,1.13612,136120
2019-02-26 02.00.00.000,1.13614,136140,1.13629,136290,1.13541,135410,1.13567,135670
2019-02-26 03.00.00.000,1.13568,135680,1.13647,136470,1.13566,135660,1.13633,136330
2019-02-26 04.00.00.000,1.13632,136320,1.13672,136720,1.13604,136040,1.13619,136190
2019-02-26 05.00.00.000,1.1362,136200,1.13642,136420,1.13582,135820,1.13582,135820
2019-02-26 06.00.00.000,1.13583,135830,1.13617,136170,1.13557,135570,1.13588,135880
2019-02-26 07.00.00.000,1.1359,135900,1.13592,135920,1.13493,134930,1.13496,134960
2019-02-26 08.00.00.000,1.13494,134940,1.13584,135840,1.13477,134770,1.13496,134960
2019-02-26 09.00.00.000,1.13497,134970,1.13588,135880,1.13455,134550,1.13548,135480
2019-02-26 10.00.00.000,1.13546,135460,1.13677,136770,1.13546,135460,1.13672,136720
2019-02-26 11.00.00.000,1.13671,136710,1.13715,137150,1.1362,136200,1.13631,136310
2019-02-26 12.00.00.000,1.13635,136350,1.13647,136470,1.13545,135450,1.13641,136410
2019-02-26 13.00.00.000,1.13639,136390,1.13677,136770,1.13609,136090,1.13639,136390
2019-02-26 14.00.00.000,1.1364,136400,1.13751,137510,1.13546,135460,1.13722,137220
2019-02-26 15.00.00.000,1.13723,137230,1.13723,137230,1.13583,135830,1.13601,136010
2019-02-26 16.00.00.000,1.13603,136030,1.13619,136190,1.1345,134500,1.13587,135870
2019-02-26 17.00.00.000,1.13586,135860,1.138,138000,1.13541,135410,1.1373,137300
2019-02-26 18.00.00.000,1.13727,137270,1.13798,137980,1.13683,136830,1.13796,137960
2019-02-26 19.00.00.000,1.13795,137950,1.13807,138070,1.1372,137200,1.13801,138010
2019-02-26 20.00.00.000,1.13802,138020,1.14024,140240,1.13798,137980,1.13961,139610
2019-02-26 21.00.00.000,1.13962,139620,1.13965,139650,1.13905,139050,1.13917,139170
2019-02-26 22.00.00.000,1.13914,139140,1.13915,139150,1.13883,138830,1.13883,138830
2019-02-26 23.00.00.000,1.13886,138860,1.13931,139310,1.13865,138650,1.13927,139270
2019-02-27 00.00.00.000,1.13924,139240,1.1394,139400,1.13905,139050,1.13928,139280
2019-02-27 01.00.00.000,1.13929,139290,1.13956,139560,1.13879,138790,1.13906,139060
2019-02-27 02.00.00.000,1.13905,139050,1.13928,139280,1.13817,138170,1.13853,138530
2019-02-27 03.00.00.000,1.13854,138540,1.1387,138700,1.13811,138110,1.13815,138150
2019-02-27 04.00.00.000,1.13816,138160,1.13819,138190,1.13773,137730,1.13793,137930
2019-02-27 05.00.00.000,1.13789,137890,1.13803,138030,1.13764,137640,1.13766,137660
2019-02-27 06.00.00.000,1.13765,137650,1.13806,138060,1.1375,137500,1.13778,137780
2019-02-27 07.00.00.000,1.13777,137770,1.13784,137840,1.13724,137240,1.1375,137500
2019-02-27 08.00.00.000,1.13749,137490,1.13836,138360,1.1373,137300,1.1378,137800
2019-02-27 09.00.00.000,1.13782,137820,1.13961,139610,1.13769,137690,1.13942,139420
2019-02-27 10.00.00.000,1.13941,139410,1.13974,139740,1.13872,138720,1.13948,139480
2019-02-27 11.00.00.000,1.13947,139470,1.13993,139930,1.13911,139110,1.13944,139440
2019-02-27 12.00.00.000,1.13946,139460,1.14034,140340,1.13931,139310,1.13966,139660
2019-02-27 13.00.00.000,1.13967,139670,1.13969,139690,1.13817,138170,1.13831,138310
2019-02-27 14.00.00.000,1.13836,138360,1.13932,139320,1.13799,137990,1.13845,138450
2019-02-27 15.00.00.000,1.13846,138460,1.13917,139170,1.13784,137840,1.1382,138200
2019-02-27 16.00.00.000,1.13819,138190,1.13949,139490,1.13684,136840,1.13813,138130
2019-02-27 17.00.00.000,1.13812,138120,1.13868,138680,1.13622,136220,1.13688,136880
2019-02-27 18.00.00.000,1.13689,136890,1.13705,137050,1.13629,136290,1.13688,136880
2019-02-27 19.00.00.000,1.13685,136850,1.13768,137680,1.13685,136850,1.13754,137540
2019-02-27 20.00.00.000,1.13753,137530,1.13756,137560,1.13668,136680,1.13693,136930
2019-02-27 21.00.00.000,1.13692,136920,1.13715,137150,1.13678,136780,1.13709,137090
2019-02-27 22.00.00.000,1.13708,137080,1.13736,137360,1.13686,136860,1.13692,136920
2019-02-27 23.00.00.000,1.13664,136640,1.13731,137310,1.13661,136610,1.1372,137200
2019-02-28 00.00.00.000,1.13719,137190,1.13798,137980,1.13717,137170,1.13795,137950
2019-02-28 01.00.00.000,1.13788,137880,1.13799,137990,1.13745,137450,1.13748,137480
2019-02-28 02.00.00.000,1.13747,137470,1.13775,137750,1.137,137000,1.13771,137710
2019-02-28 03.00.00.000,1.1377,137700,1.13795,137950,1.13765,137650,1.13775,137750
2019-02-28 04.00.00.000,1.13774,137740,1.13796,137960,1.13769,137690,1.13775,137750
2019-02-28 05.00.00.000,1.13774,137740,1.13784,137840,1.13743,137430,1.13765,137650
2019-02-28 06.00.00.000,1.13766,137660,1.1377,137700,1.13739,137390,1.13756,137560
2019-02-28 07.00.00.000,1.13755,137550,1.13762,137620,1.13699,136990,1.13718,137180
2019-02-28 08.00.00.000,1.13715,137150,1.13836,138360,1.1367,136700,1.13816,138160
2019-02-28 09.00.00.000,1.13812,138120,1.13907,139070,1.13804,138040,1.13824,138240
2019-02-28 10.00.00.000,1.13823,138230,1.13934,139340,1.1382,138200,1.1391,139100
2019-02-28 11.00.00.000,1.13912,139120,1.14075,140750,1.13895,138950,1.14013,140130
2019-02-28 12.00.00.000,1.14012,140120,1.14194,141940,1.14012,140120,1.14168,141680
2019-02-28 13.00.00.000,1.14167,141670,1.14187,141870,1.14082,140820,1.141,141000
2019-02-28 14.00.00.000,1.14102,141020,1.14176,141760,1.13819,138190,1.13861,138610
2019-02-28 15.00.00.000,1.13862,138620,1.13948,139480,1.13796,137960,1.13831,138310
2019-02-28 16.00.00.000,1.1383,138300,1.13881,138810,1.13592,135920,1.13867,138670
2019-02-28 17.00.00.000,1.1387,138700,1.13959,139590,1.13779,137790,1.13783,137830
2019-02-28 18.00.00.000,1.13782,137820,1.13825,138250,1.13702,137020,1.13816,138160
2019-02-28 19.00.00.000,1.13818,138180,1.13876,138760,1.13771,137710,1.138,138000
2019-02-28 20.00.00.000,1.13799,137990,1.13831,138310,1.13761,137610,1.13776,137760
2019-02-28 21.00.00.000,1.13775,137750,1.13806,138060,1.13726,137260,1.1373,137300
2019-02-28 22.00.00.000,1.13734,137340,1.13748,137480,1.13693,136930,1.13701,137010
2019-02-28 23.00.00.000,1.137,137000,1.13733,137330,1.13687,136870,1.13707,137070
2019-03-01 00.00.00.000,1.13702,137020,1.1374,137400,1.13693,136930,1.13729,137290
2019-03-01 01.00.00.000,1.1373,137300,1.13731,137310,1.13685,136850,1.13699,136990
2019-03-01 02.00.00.000,1.13695,136950,1.1375,137500,1.13694,136940,1.13719,137190
2019-03-01 03.00.00.000,1.13718,137180,1.1372,137200,1.13638,136380,1.13693,136930
2019-03-01 04.00.00.000,1.13692,136920,1.13721,137210,1.13676,136760,1.13691,136910
2019-03-01 05.00.00.000,1.13692,136920,1.13751,137510,1.13692,136920,1.13739,137390
2019-03-01 06.00.00.000,1.1374,137400,1.13746,137460,1.13701,137010,1.13704,137040
2019-03-01 07.00.00.000,1.13703,137030,1.13738,137380,1.13613,136130,1.13618,136180
2019-03-01 08.00.00.000,1.1362,136200,1.13741,137410,1.1362,136200,1.1372,137200
2019-03-01 09.00.00.000,1.13721,137210,1.13729,137290,1.13531,135310,1.13631,136310
2019-03-01 10.00.00.000,1.13632,136320,1.13663,136630,1.13571,135710,1.13599,135990
2019-03-01 11.00.00.000,1.136,136000,1.1377,137700,1.13552,135520,1.13748,137480
2019-03-01 12.00.00.000,1.13747,137470,1.13856,138560,1.13733,137330,1.1384,138400
2019-03-01 13.00.00.000,1.13839,138390,1.13876,138760,1.13772,137720,1.13783,137830
2019-03-01 14.00.00.000,1.13782,137820,1.13848,138480,1.13751,137510,1.13816,138160
2019-03-01 15.00.00.000,1.13813,138130,1.13999,139990,1.13762,137620,1.13954,139540
2019-03-01 16.00.00.000,1.1401,140100,1.14085,140850,1.13851,138510,1.13861,138610
2019-03-01 17.00.00.000,1.13862,138620,1.13883,138830,1.1373,137300,1.13747,137470
2019-03-01 18.00.00.000,1.13748,137480,1.13769,137690,1.13645,136450,1.1365,136500
2019-03-01 19.00.00.000,1.13651,136510,1.13661,136610,1.13615,136150,1.13634,136340
2019-03-01 20.00.00.000,1.13633,136330,1.13652,136520,1.13542,135420,1.13578,135780
2019-03-01 21.00.00.000,1.13577,135770,1.13649,136490,1.13552,135520,1.13643,136430
2019-03-03 22.00.00.000,1.13645,136450,1.13681,136810,1.13616,136160,1.13644,136440
2019-03-03 23.00.00.000,1.13757,137570,1.13779,137790,1.13747,137470,1.13775,137750
2019-03-04 00.00.00.000,1.13769,137690,1.1381,138100,1.13721,137210,1.13748,137480
2019-03-04 01.00.00.000,1.13744,137440,1.13747,137470,1.13675,136750,1.13693,136930
2019-03-04 02.00.00.000,1.13691,136910,1.13698,136980,1.13666,136660,1.13685,136850
2019-03-04 03.00.00.000,1.13686,136860,1.13703,137030,1.13636,136360,1.13651,136510
2019-03-04 04.00.00.000,1.13652,136520,1.13675,136750,1.13615,136150,1.13664,136640
2019-03-04 05.00.00.000,1.13666,136660,1.13674,136740,1.13636,136360,1.13643,136430
2019-03-04 06.00.00.000,1.13644,136440,1.13661,136610,1.13615,136150,1.13622,136220
2019-03-04 07.00.00.000,1.13621,136210,1.13677,136770,1.13605,136050,1.13657,136570
2019-03-04 08.00.00.000,1.13656,136560,1.13691,136910,1.13552,135520,1.13579,135790
2019-03-04 09.00.00.000,1.13576,135760,1.13577,135770,1.1334,133400,1.13425,134250
2019-03-04 10.00.00.000,1.13426,134260,1.13467,134670,1.13369,133690,1.13427,134270
2019-03-04 11.00.00.000,1.13425,134250,1.13449,134490,1.13345,133450,1.13374,133740
2019-03-04 12.00.00.000,1.13375,133750,1.13425,134250,1.13274,132740,1.13323,133230
2019-03-04 13.00.00.000,1.13329,133290,1.13384,133840,1.13306,133060,1.13341,133410
2019-03-04 14.00.00.000,1.1334,133400,1.13454,134540,1.13319,133190,1.13426,134260
2019-03-04 15.00.00.000,1.13428,134280,1.1343,134300,1.1322,132200,1.13256,132560
2019-03-04 16.00.00.000,1.13255,132550,1.1327,132700,1.13089,130890,1.13226,132260
2019-03-04 17.00.00.000,1.13225,132250,1.13287,132870,1.13173,131730,1.13282,132820
2019-03-04 18.00.00.000,1.13281,132810,1.13352,133520,1.13276,132760,1.1332,133200
2019-03-04 19.00.00.000,1.13321,133210,1.1335,133500,1.13263,132630,1.13294,132940
2019-03-04 20.00.00.000,1.13295,132950,1.13324,133240,1.13248,132480,1.13303,133030
2019-03-04 21.00.00.000,1.13301,133010,1.13425,134250,1.13284,132840,1.13422,134220
2019-03-04 22.00.00.000,1.1342,134200,1.13428,134280,1.13395,133950,1.13401,134010
2019-03-04 23.00.00.000,1.13351,133510,1.13411,134110,1.13338,133380,1.13352,133520
2019-03-05 00.00.00.000,1.13358,133580,1.13386,133860,1.13356,133560,1.13362,133620
2019-03-05 01.00.00.000,1.13364,133640,1.13377,133770,1.13325,133250,1.1334,133400
2019-03-05 02.00.00.000,1.13341,133410,1.13354,133540,1.13324,133240,1.13333,133330
2019-03-05 03.00.00.000,1.13334,133340,1.13362,133620,1.1332,133200,1.13353,133530
2019-03-05 04.00.00.000,1.13352,133520,1.13375,133750,1.1327,132700,1.13273,132730
2019-03-05 05.00.00.000,1.13274,132740,1.13313,133130,1.13246,132460,1.13306,133060
2019-03-05 06.00.00.000,1.13302,133020,1.13305,133050,1.13273,132730,1.13286,132860
2019-03-05 07.00.00.000,1.13288,132880,1.13311,133110,1.13202,132020,1.13234,132340
2019-03-05 08.00.00.000,1.13233,132330,1.13276,132760,1.1318,131800,1.13269,132690
2019-03-05 09.00.00.000,1.13266,132660,1.1338,133800,1.13159,131590,1.13354,133540
2019-03-05 10.00.00.000,1.13352,133520,1.13371,133710,1.13251,132510,1.1327,132700
2019-03-05 11.00.00.000,1.13271,132710,1.13292,132920,1.13205,132050,1.13242,132420
2019-03-05 12.00.00.000,1.13238,132380,1.13338,133380,1.13227,132270,1.13336,133360
2019-03-05 13.00.00.000,1.13337,133370,1.13383,133830,1.13226,132260,1.13231,132310
2019-03-05 14.00.00.000,1.13241,132410,1.13311,133110,1.13225,132250,1.13306,133060
2019-03-05 15.00.00.000,1.13308,133080,1.13351,133510,1.13191,131910,1.13256,132560
2019-03-05 16.00.00.000,1.13237,132370,1.13237,132370,1.12919,129190,1.13065,130650
2019-03-05 17.00.00.000,1.13063,130630,1.13072,130720,1.1292,129200,1.12985,129850
2019-03-05 18.00.00.000,1.12984,129840,1.12997,129970,1.12895,128950,1.1297,129700
2019-03-05 19.00.00.000,1.12971,129710,1.13103,131030,1.12939,129390,1.13059,130590
2019-03-05 20.00.00.000,1.13061,130610,1.13082,130820,1.13022,130220,1.13027,130270
2019-03-05 21.00.00.000,1.13028,130280,1.13082,130820,1.13028,130280,1.13076,130760
2019-03-05 22.00.00.000,1.13074,130740,1.13083,130830,1.13046,130460,1.13072,130720
2019-03-05 23.00.00.000,1.13069,130690,1.13077,130770,1.12981,129810,1.12984,129840
2019-03-06 00.00.00.000,1.12994,129940,1.13064,130640,1.12994,129940,1.13059,130590
2019-03-06 01.00.00.000,1.1306,130600,1.1307,130700,1.12977,129770,1.13006,130060
2019-03-06 02.00.00.000,1.13005,130050,1.13032,130320,1.12981,129810,1.13027,130270
2019-03-06 03.00.00.000,1.13028,130280,1.13034,130340,1.12922,129220,1.12951,129510
2019-03-06 04.00.00.000,1.12952,129520,1.12981,129810,1.12896,128960,1.12929,129290
2019-03-06 05.00.00.000,1.12928,129280,1.12992,129920,1.12928,129280,1.12987,129870
2019-03-06 06.00.00.000,1.12986,129860,1.12999,129990,1.1294,129400,1.12977,129770
2019-03-06 07.00.00.000,1.12976,129760,1.13033,130330,1.12945,129450,1.13021,130210
2019-03-06 08.00.00.000,1.1302,130200,1.13038,130380,1.1296,129600,1.13003,130030
2019-03-06 09.00.00.000,1.13005,130050,1.131,131000,1.12991,129910,1.13067,130670
2019-03-06 10.00.00.000,1.13069,130690,1.1307,130700,1.13,130000,1.13009,130090
2019-03-06 11.00.00.000,1.13008,130080,1.1305,130500,1.12979,129790,1.13031,130310
2019-03-06 12.00.00.000,1.1303,130300,1.13062,130620,1.13013,130130,1.13016,130160
2019-03-06 13.00.00.000,1.1302,130200,1.13054,130540,1.12996,129960,1.13026,130260
2019-03-06 14.00.00.000,1.13028,130280,1.1315,131500,1.12854,128540,1.13046,130460
2019-03-06 15.00.00.000,1.13045,130450,1.13171,131710,1.13042,130420,1.13096,130960
2019-03-06 16.00.00.000,1.131,131000,1.13233,132330,1.1306,130600,1.13172,131720
2019-03-06 17.00.00.000,1.13171,131710,1.13245,132450,1.13116,131160,1.13182,131820
2019-03-06 18.00.00.000,1.13183,131830,1.13196,131960,1.13043,130430,1.1308,130800
2019-03-06 19.00.00.000,1.13075,130750,1.13114,131140,1.13061,130610,1.13071,130710
2019-03-06 20.00.00.000,1.13075,130750,1.13111,131110,1.13042,130420,1.13076,130760
2019-03-06 21.00.00.000,1.13075,130750,1.1312,131200,1.13064,130640,1.1311,131100
2019-03-06 22.00.00.000,1.13109,131090,1.13112,131120,1.1306,130600,1.1306,130600
2019-03-06 23.00.00.000,1.13076,130760,1.13095,130950,1.13068,130680,1.13077,130770
2019-03-07 00.00.00.000,1.13079,130790,1.13134,131340,1.13064,130640,1.13128,131280
2019-03-07 01.00.00.000,1.13129,131290,1.13155,131550,1.13094,130940,1.13116,131160
2019-03-07 02.00.00.000,1.13117,131170,1.13133,131330,1.13081,130810,1.13084,130840
2019-03-07 03.00.00.000,1.13082,130820,1.131,131000,1.13045,130450,1.13064,130640
2019-03-07 04.00.00.000,1.13065,130650,1.13083,130830,1.13026,130260,1.13043,130430
2019-03-07 05.00.00.000,1.13044,130440,1.13063,130630,1.13039,130390,1.1304,130400
2019-03-07 06.00.00.000,1.13039,130390,1.13064,130640,1.1303,130300,1.13063,130630
2019-03-07 07.00.00.000,1.13064,130640,1.13073,130730,1.1302,130200,1.13022,130220
2019-03-07 08.00.00.000,1.13024,130240,1.13097,130970,1.1301,130100,1.13071,130710
2019-03-07 09.00.00.000,1.13074,130740,1.13132,131320,1.13046,130460,1.13111,131110
2019-03-07 10.00.00.000,1.13112,131120,1.13137,131370,1.13076,130760,1.13092,130920
2019-03-07 11.00.00.000,1.13091,130910,1.13182,131820,1.1308,130800,1.13162,131620
2019-03-07 12.00.00.000,1.13161,131610,1.13201,132010,1.13072,130720,1.13087,130870
2019-03-07 13.00.00.000,1.13086,130860,1.13103,131030,1.12748,127480,1.12885,128850
2019-03-07 14.00.00.000,1.12884,128840,1.12884,128840,1.12538,125380,1.12602,126020
2019-03-07 15.00.00.000,1.126,126000,1.12601,126010,1.12295,122950,1.12328,123280
2019-03-07 16.00.00.000,1.12329,123290,1.1243,124300,1.12302,123020,1.12317,123170
2019-03-07 17.00.00.000,1.12324,123240,1.12336,123360,1.1206,120600,1.12135,121350
2019-03-07 18.00.00.000,1.12134,121340,1.12292,122920,1.12076,120760,1.12251,122510
2019-03-07 19.00.00.000,1.12252,122520,1.12256,122560,1.12161,121610,1.12186,121860
2019-03-07 20.00.00.000,1.12183,121830,1.12192,121920,1.1176,117600,1.11831,118310
2019-03-07 21.00.00.000,1.11833,118330,1.11874,118740,1.11785,117850,1.11814,118140
2019-03-07 22.00.00.000,1.11813,118130,1.11946,119460,1.118,118000,1.11929,119290
2019-03-07 23.00.00.000,1.11928,119280,1.11928,119280,1.11902,119020,1.11915,119150
2019-03-08 00.00.00.000,1.11913,119130,1.11985,119850,1.11913,119130,1.11979,119790
2019-03-08 01.00.00.000,1.11978,119780,1.1198,119800,1.11857,118570,1.11909,119090
2019-03-08 02.00.00.000,1.11908,119080,1.11945,119450,1.11851,118510,1.11883,118830
2019-03-08 03.00.00.000,1.1188,118800,1.12005,120050,1.11863,118630,1.11982,119820
2019-03-08 04.00.00.000,1.11983,119830,1.12006,120060,1.11937,119370,1.11968,119680
2019-03-08 05.00.00.000,1.11965,119650,1.11996,119960,1.11942,119420,1.11989,119890
2019-03-08 06.00.00.000,1.1199,119900,1.12018,120180,1.11966,119660,1.12015,120150
2019-03-08 07.00.00.000,1.12014,120140,1.1209,120900,1.12009,120090,1.12069,120690
2019-03-08 08.00.00.000,1.12074,120740,1.12114,121140,1.11972,119720,1.12096,120960
2019-03-08 09.00.00.000,1.12097,120970,1.12121,121210,1.11999,119990,1.1208,120800
2019-03-08 10.00.00.000,1.12083,120830,1.12154,121540,1.12058,120580,1.12126,121260
2019-03-08 11.00.00.000,1.12127,121270,1.12196,121960,1.12088,120880,1.1218,121800
2019-03-08 12.00.00.000,1.12181,121810,1.12205,122050,1.12136,121360,1.12148,121480
2019-03-08 13.00.00.000,1.12147,121470,1.12227,122270,1.12127,121270,1.12213,122130
2019-03-08 14.00.00.000,1.12211,122110,1.12407,124070,1.12147,121470,1.12253,122530
2019-03-08 15.00.00.000,1.12257,122570,1.12354,123540,1.1222,122200,1.12259,122590
2019-03-08 16.00.00.000,1.12258,122580,1.12378,123780,1.12254,122540,1.1236,123600
2019-03-08 17.00.00.000,1.12362,123620,1.12443,124430,1.12325,123250,1.12426,124260
2019-03-08 18.00.00.000,1.12427,124270,1.12459,124590,1.12377,123770,1.12401,124010
2019-03-08 19.00.00.000,1.12402,124020,1.1243,124300,1.12382,123820,1.12403,124030
2019-03-08 20.00.00.000,1.12402,124020,1.12433,124330,1.12385,123850,1.12423,124230
2019-03-08 21.00.00.000,1.12427,124270,1.12429,124290,1.12312,123120,1.12316,123160
2019-03-10 22.00.00.000,1.12315,123150,1.12351,123510,1.123,123000,1.12306,123060
2019-03-10 23.00.00.000,1.12341,123410,1.12342,123420,1.12305,123050,1.12341,123410
2019-03-11 00.00.00.000,1.12342,123420,1.12373,123730,1.1231,123100,1.12315,123150
2019-03-11 01.00.00.000,1.12316,123160,1.12321,123210,1.12229,122290,1.12277,122770
2019-03-11 02.00.00.000,1.12274,122740,1.12298,122980,1.12238,122380,1.12287,122870
2019-03-11 03.00.00.000,1.12286,122860,1.12322,123220,1.12286,122860,1.12318,123180
2019-03-11 04.00.00.000,1.12317,123170,1.12333,123330,1.12306,123060,1.12326,123260
2019-03-11 05.00.00.000,1.12327,123270,1.12336,123360,1.12317,123170,1.12333,123330
2019-03-11 06.00.00.000,1.12332,123320,1.12346,123460,1.1232,123200,1.12331,123310
2019-03-11 07.00.00.000,1.12332,123320,1.12408,124080,1.12331,123310,1.12372,123720
2019-03-11 08.00.00.000,1.12371,123710,1.12504,125040,1.12348,123480,1.12486,124860
2019-03-11 09.00.00.000,1.12484,124840,1.12498,124980,1.12427,124270,1.12462,124620
2019-03-11 10.00.00.000,1.12461,124610,1.12583,125830,1.12423,124230,1.12522,125220
2019-03-11 11.00.00.000,1.12523,125230,1.12525,125250,1.12358,123580,1.1243,124300
2019-03-11 12.00.00.000,1.12431,124310,1.12492,124920,1.12397,123970,1.12431,124310
2019-03-11 13.00.00.000,1.12436,124360,1.12476,124760,1.12324,123240,1.12364,123640
2019-03-11 14.00.00.000,1.12365,123650,1.12543,125430,1.1236,123600,1.12473,124730
2019-03-11 15.00.00.000,1.12469,124690,1.12492,124920,1.12359,123590,1.12419,124190
2019-03-11 16.00.00.000,1.1242,124200,1.12449,124490,1.12216,122160,1.12248,122480
2019-03-11 17.00.00.000,1.12249,122490,1.12346,123460,1.12221,122210,1.12333,123330
2019-03-11 18.00.00.000,1.12332,123320,1.12416,124160,1.12299,122990,1.12416,124160
2019-03-11 19.00.00.000,1.12415,124150,1.12462,124620,1.12384,123840,1.12398,123980
2019-03-11 20.00.00.000,1.12399,123990,1.12501,125010,1.1238,123800,1.12475,124750
2019-03-11 21.00.00.000,1.12479,124790,1.12479,124790,1.12409,124090,1.12443,124430
2019-03-11 22.00.00.000,1.12438,124380,1.12496,124960,1.12438,124380,1.12487,124870
2019-03-11 23.00.00.000,1.1268,126800,1.127,127000,1.12594,125940,1.12631,126310
2019-03-12 00.00.00.000,1.12629,126290,1.12677,126770,1.12544,125440,1.12587,125870
2019-03-12 01.00.00.000,1.1259,125900,1.1261,126100,1.12552,125520,1.12591,125910
2019-03-12 02.00.00.000,1.12592,125920,1.12631,126310,1.1258,125800,1.12605,126050
2019-03-12 03.00.00.000,1.12604,126040,1.12632,126320,1.12575,125750,1.1263,126300
2019-03-12 04.00.00.000,1.12629,126290,1.12655,126550,1.12605,126050,1.12611,126110
2019-03-12 05.00.00.000,1.12609,126090,1.1261,126100,1.1251,125100,1.12512,125120
2019-03-12 06.00.00.000,1.12511,125110,1.12569,125690,1.12511,125110,1.12553,125530
2019-03-12 07.00.00.000,1.12552,125520,1.12602,126020,1.12535,125350,1.12581,125810
2019-03-12 08.00.00.000,1.12577,125770,1.12673,126730,1.12545,125450,1.1266,126600
2019-03-12 09.00.00.000,1.12661,126610,1.12829,128290,1.12637,126370,1.12822,128220
2019-03-12 10.00.00.000,1.12821,128210,1.12841,128410,1.12724,127240,1.12729,127290
2019-03-12 11.00.00.000,1.1273,127300,1.12777,127770,1.1267,126700,1.12691,126910
2019-03-12 12.00.00.000,1.1269,126900,1.12744,127440,1.12502,125020,1.12534,125340
2019-03-12 13.00.00.000,1.12532,125320,1.12845,128450,1.12491,124910,1.12814,128140
2019-03-12 14.00.00.000,1.12813,128130,1.1283,128300,1.12727,127270,1.12796,127960
2019-03-12 15.00.00.000,1.12795,127950,1.12809,128090,1.1267,126700,1.12711,127110
2019-03-12 16.00.00.000,1.12713,127130,1.12941,129410,1.12671,126710,1.12761,127610
2019-03-12 17.00.00.000,1.12762,127620,1.12949,129490,1.12735,127350,1.12935,129350
2019-03-12 18.00.00.000,1.12934,129340,1.12949,129490,1.12884,128840,1.12894,128940
2019-03-12 19.00.00.000,1.12893,128930,1.13005,130050,1.12888,128880,1.12976,129760
2019-03-12 20.00.00.000,1.12977,129770,1.13048,130480,1.12894,128940,1.1296,129600
2019-03-12 21.00.00.000,1.12963,129630,1.12996,129960,1.1282,128200,1.12858,128580
2019-03-12 22.00.00.000,1.12853,128530,1.12881,128810,1.12844,128440,1.12878,128780
2019-03-12 23.00.00.000,1.12896,128960,1.129,129000,1.12883,128830,1.12894,128940
2019-03-13 00.00.00.000,1.12896,128960,1.12899,128990,1.12849,128490,1.12864,128640
2019-03-13 01.00.00.000,1.12863,128630,1.12898,128980,1.12861,128610,1.12879,128790
2019-03-13 02.00.00.000,1.1288,128800,1.12899,128990,1.12869,128690,1.12869,128690
2019-03-13 03.00.00.000,1.1287,128700,1.12893,128930,1.12834,128340,1.12843,128430
2019-03-13 04.00.00.000,1.12844,128440,1.12854,128540,1.12828,128280,1.1284,128400
2019-03-13 05.00.00.000,1.12838,128380,1.12861,128610,1.12827,128270,1.12832,128320
2019-03-13 06.00.00.000,1.1283,128300,1.12876,128760,1.12824,128240,1.12865,128650
2019-03-13 07.00.00.000,1.12864,128640,1.12884,128840,1.12833,128330,1.12866,128660
2019-03-13 08.00.00.000,1.12865,128650,1.1289,128900,1.12784,127840,1.12794,127940
2019-03-13 09.00.00.000,1.12796,127960,1.12967,129670,1.12772,127720,1.1294,129400
2019-03-13 10.00.00.000,1.12941,129410,1.12977,129770,1.12889,128890,1.12938,129380
2019-03-13 11.00.00.000,1.12939,129390,1.13025,130250,1.12912,129120,1.12928,129280
2019-03-13 12.00.00.000,1.12927,129270,1.13045,130450,1.12895,128950,1.1302,130200
2019-03-13 13.00.00.000,1.13022,130220,1.13046,130460,1.12914,129140,1.12935,129350
2019-03-13 14.00.00.000,1.12934,129340,1.13123,131230,1.12904,129040,1.13072,130720
2019-03-13 15.00.00.000,1.13073,130730,1.13135,131350,1.13051,130510,1.13053,130530
2019-03-13 16.00.00.000,1.13052,130520,1.13137,131370,1.13001,130010,1.13092,130920
2019-03-13 17.00.00.000,1.1309,130900,1.13151,131510,1.13,130000,1.13052,130520
2019-03-13 18.00.00.000,1.13042,130420,1.13083,130830,1.12999,129990,1.13027,130270
2019-03-13 19.00.00.000,1.13026,130260,1.1334,133400,1.13024,130240,1.13294,132940
2019-03-13 20.00.00.000,1.13292,132920,1.13384,133840,1.13213,132130,1.13333,133330
2019-03-13 21.00.00.000,1.13334,133340,1.13367,133670,1.13251,132510,1.13252,132520
2019-03-13 22.00.00.000,1.13246,132460,1.13298,132980,1.13228,132280,1.13298,132980
2019-03-13 23.00.00.000,1.13317,133170,1.13372,133720,1.13305,133050,1.13372,133720
2019-03-14 00.00.00.000,1.13371,133710,1.13374,133740,1.13293,132930,1.13302,133020
2019-03-14 01.00.00.000,1.13303,133030,1.13329,133290,1.13261,132610,1.13271,132710
2019-03-14 02.00.00.000,1.13274,132740,1.13277,132770,1.13231,132310,1.13269,132690
2019-03-14 03.00.00.000,1.13268,132680,1.13316,133160,1.13249,132490,1.13267,132670
2019-03-14 04.00.00.000,1.13266,132660,1.13281,132810,1.13201,132010,1.13207,132070
2019-03-14 05.00.00.000,1.13211,132110,1.13223,132230,1.13175,131750,1.13188,131880
2019-03-14 06.00.00.000,1.13187,131870,1.13224,132240,1.13173,131730,1.13195,131950
2019-03-14 07.00.00.000,1.13194,131940,1.13203,132030,1.13135,131350,1.13176,131760
2019-03-14 08.00.00.000,1.13175,131750,1.1328,132800,1.13121,131210,1.13232,132320
2019-03-14 09.00.00.000,1.13235,132350,1.13359,133590,1.13233,132330,1.13261,132610
2019-03-14 10.00.00.000,1.13262,132620,1.13262,132620,1.13112,131120,1.13133,131330
2019-03-14 11.00.00.000,1.13132,131320,1.13137,131370,1.13011,130110,1.1306,130600
2019-03-14 12.00.00.000,1.13061,130610,1.13116,131160,1.12957,129570,1.13016,130160
2019-03-14 13.00.00.000,1.13015,130150,1.13106,131060,1.12978,129780,1.13011,130110
2019-03-14 14.00.00.000,1.13013,130130,1.13047,130470,1.1294,129400,1.12998,129980
2019-03-14 15.00.00.000,1.12996,129960,1.13073,130730,1.12943,129430,1.13,130000
2019-03-14 16.00.00.000,1.13002,130020,1.13093,130930,1.12961,129610,1.13031,130310
2019-03-14 17.00.00.000,1.13036,130360,1.13046,130460,1.12966,129660,1.12993,129930
2019-03-14 18.00.00.000,1.12994,129940,1.13038,130380,1.1297,129700,1.1299,129900
2019-03-14 19.00.00.000,1.12989,129890,1.13075,130750,1.12982,129820,1.12996,129960
2019-03-14 20.00.00.000,1.12995,129950,1.13037,130370,1.12985,129850,1.13022,130220
2019-03-14 21.00.00.000,1.13021,130210,1.13048,130480,1.13009,130090,1.13032,130320
2019-03-14 22.00.00.000,1.13029,130290,1.13068,130680,1.12965,129650,1.1305,130500
2019-03-14 23.00.00.000,1.13073,130730,1.13093,130930,1.13055,130550,1.13055,130550
2019-03-15 00.00.00.000,1.13056,130560,1.13088,130880,1.13047,130470,1.13063,130630
2019-03-15 01.00.00.000,1.13065,130650,1.13093,130930,1.1304,130400,1.13057,130570
2019-03-15 02.00.00.000,1.13056,130560,1.13122,131220,1.13042,130420,1.13097,130970
2019-03-15 03.00.00.000,1.13096,130960,1.13224,132240,1.13096,130960,1.13224,132240
2019-03-15 04.00.00.000,1.13223,132230,1.1327,132700,1.13186,131860,1.13193,131930
2019-03-15 05.00.00.000,1.13192,131920,1.13193,131930,1.13151,131510,1.13188,131880
2019-03-15 06.00.00.000,1.13187,131870,1.13189,131890,1.13145,131450,1.13164,131640
2019-03-15 07.00.00.000,1.13163,131630,1.13204,132040,1.13158,131580,1.13189,131890
2019-03-15 08.00.00.000,1.13188,131880,1.13252,132520,1.1316,131600,1.13252,132520
2019-03-15 09.00.00.000,1.13258,132580,1.13291,132910,1.13187,131870,1.13234,132340
2019-03-15 10.00.00.000,1.13232,132320,1.13248,132480,1.1312,131200,1.1322,132200
2019-03-15 11.00.00.000,1.13221,132210,1.13264,132640,1.13148,131480,1.1319,131900
2019-03-15 12.00.00.000,1.13189,131890,1.13213,132130,1.13168,131680,1.13184,131840
2019-03-15 13.00.00.000,1.13185,131850,1.13195,131950,1.13028,130280,1.13035,130350
2019-03-15 14.00.00.000,1.13034,130340,1.13346,133460,1.13,130000,1.13293,132930
2019-03-15 15.00.00.000,1.13295,132950,1.13442,134420,1.1324,132400,1.13355,133550
2019-03-15 16.00.00.000,1.13354,133540,1.13406,134060,1.13219,132190,1.13266,132660
2019-03-15 17.00.00.000,1.13267,132670,1.13282,132820,1.13142,131420,1.13175,131750
2019-03-15 18.00.00.000,1.13174,131740,1.13238,132380,1.13165,131650,1.13202,132020
2019-03-15 19.00.00.000,1.13201,132010,1.13223,132230,1.13172,131720,1.13197,131970
2019-03-15 20.00.00.000,1.13195,131950,1.1323,132300,1.13189,131890,1.13217,132170
2019-03-17 22.00.00.000,1.13219,132190,1.13292,132920,1.13178,131780,1.13238,132380
2019-03-17 23.00.00.000,1.13252,132520,1.13276,132760,1.13231,132310,1.13261,132610
2019-03-18 00.00.00.000,1.1326,132600,1.13263,132630,1.13188,131880,1.13192,131920
2019-03-18 01.00.00.000,1.13193,131930,1.13243,132430,1.13191,131910,1.13207,132070
2019-03-18 02.00.00.000,1.13203,132030,1.13262,132620,1.132,132000,1.13257,132570
2019-03-18 03.00.00.000,1.13256,132560,1.13329,133290,1.13243,132430,1.13325,133250
2019-03-18 04.00.00.000,1.13324,133240,1.13379,133790,1.1331,133100,1.13351,133510
2019-03-18 05.00.00.000,1.13352,133520,1.13383,133830,1.1334,133400,1.13362,133620
2019-03-18 06.00.00.000,1.13359,133590,1.13363,133630,1.13318,133180,1.13342,133420
2019-03-18 07.00.00.000,1.13338,133380,1.13448,134480,1.1333,133300,1.13424,134240
2019-03-18 08.00.00.000,1.13423,134230,1.13498,134980,1.13384,133840,1.13496,134960
2019-03-18 09.00.00.000,1.13492,134920,1.13506,135060,1.13413,134130,1.13444,134440
2019-03-18 10.00.00.000,1.13442,134420,1.13508,135080,1.13402,134020,1.13508,135080
2019-03-18 11.00.00.000,1.13506,135060,1.13526,135260,1.13474,134740,1.13521,135210
2019-03-18 12.00.00.000,1.1352,135200,1.13583,135830,1.13509,135090,1.13569,135690
2019-03-18 13.00.00.000,1.13572,135720,1.13589,135890,1.13458,134580,1.1346,134600
2019-03-18 14.00.00.000,1.13459,134590,1.13494,134940,1.13416,134160,1.13458,134580
2019-03-18 15.00.00.000,1.13459,134590,1.13495,134950,1.13404,134040,1.13443,134430
2019-03-18 16.00.00.000,1.13442,134420,1.13463,134630,1.13305,133050,1.13369,133690
2019-03-18 17.00.00.000,1.13372,133720,1.13421,134210,1.1326,132600,1.13295,132950
2019-03-18 18.00.00.000,1.13291,132910,1.13321,133210,1.13244,132440,1.13274,132740
2019-03-18 19.00.00.000,1.13273,132730,1.1337,133700,1.13259,132590,1.13367,133670
2019-03-18 20.00.00.000,1.1337,133700,1.13419,134190,1.13352,133520,1.13419,134190
2019-03-18 21.00.00.000,1.13421,134210,1.13428,134280,1.13351,133510,1.13353,133530
2019-03-18 22.00.00.000,1.13358,133580,1.13389,133890,1.13309,133090,1.13351,133510
2019-03-18 23.00.00.000,1.13366,133660,1.13374,133740,1.13343,133430,1.13347,133470
2019-03-19 00.00.00.000,1.13348,133480,1.13369,133690,1.13346,133460,1.13359,133590
2019-03-19 01.00.00.000,1.13358,133580,1.134,134000,1.13336,133360,1.13378,133780
2019-03-19 02.00.00.000,1.13377,133770,1.13418,134180,1.13366,133660,1.13382,133820
2019-03-19 03.00.00.000,1.13381,133810,1.13428,134280,1.13371,133710,1.13425,134250
2019-03-19 04.00.00.000,1.13424,134240,1.13486,134860,1.13419,134190,1.13479,134790
2019-03-19 05.00.00.000,1.13478,134780,1.13487,134870,1.13456,134560,1.13459,134590
2019-03-19 06.00.00.000,1.13457,134570,1.1347,134700,1.1342,134200,1.13435,134350
2019-03-19 07.00.00.000,1.13436,134360,1.13501,135010,1.13435,134350,1.13492,134920
2019-03-19 08.00.00.000,1.13491,134910,1.13516,135160,1.13445,134450,1.1347,134700
2019-03-19 09.00.00.000,1.13465,134650,1.13571,135710,1.13455,134550,1.13544,135440
2019-03-19 10.00.00.000,1.13543,135430,1.13557,135570,1.13488,134880,1.13523,135230
2019-03-19 11.00.00.000,1.13521,135210,1.13575,135750,1.13472,134720,1.13549,135490
2019-03-19 12.00.00.000,1.13548,135480,1.13614,136140,1.13518,135180,1.13552,135520
2019-03-19 13.00.00.000,1.13553,135530,1.13613,136130,1.13469,134690,1.13521,135210
2019-03-19 14.00.00.000,1.13522,135220,1.13612,136120,1.13442,134420,1.13462,134620
2019-03-19 15.00.00.000,1.13459,134590,1.13526,135260,1.13389,133890,1.13501,135010
2019-03-19 16.00.00.000,1.13505,135050,1.13603,136030,1.13444,134440,1.13463,134630
2019-03-19 17.00.00.000,1.13465,134650,1.13565,135650,1.1345,134500,1.13493,134930
2019-03-19 18.00.00.000,1.13495,134950,1.13588,135880,1.13474,134740,1.13537,135370
2019-03-19 19.00.00.000,1.13538,135380,1.13555,135550,1.13517,135170,1.1353,135300
2019-03-19 20.00.00.000,1.13529,135290,1.13591,135910,1.13503,135030,1.1358,135800
2019-03-19 21.00.00.000,1.13579,135790,1.13579,135790,1.13483,134830,1.13515,135150
2019-03-19 22.00.00.000,1.13512,135120,1.13534,135340,1.13484,134840,1.1349,134900
2019-03-19 23.00.00.000,1.13503,135030,1.13538,135380,1.135,135000,1.13533,135330
2019-03-20 00.00.00.000,1.13534,135340,1.13544,135440,1.13513,135130,1.13541,135410
2019-03-20 01.00.00.000,1.13542,135420,1.13568,135680,1.1347,134700,1.1347,134700
2019-03-20 02.00.00.000,1.13468,134680,1.13493,134930,1.13427,134270,1.1349,134900
2019-03-20 03.00.00.000,1.13488,134880,1.13501,135010,1.13457,134570,1.13475,134750
2019-03-20 04.00.00.000,1.13474,134740,1.1348,134800,1.13447,134470,1.13467,134670
2019-03-20 05.00.00.000,1.13463,134630,1.13481,134810,1.13446,134460,1.1346,134600
2019-03-20 06.00.00.000,1.13459,134590,1.1348,134800,1.13454,134540,1.13472,134720
2019-03-20 07.00.00.000,1.13471,134710,1.13498,134980,1.13455,134550,1.1347,134700
2019-03-20 08.00.00.000,1.13469,134690,1.13534,135340,1.13404,134040,1.1345,134500
2019-03-20 09.00.00.000,1.13449,134490,1.13511,135110,1.13354,133540,1.13428,134280
2019-03-20 10.00.00.000,1.13429,134290,1.13523,135230,1.13419,134190,1.1349,134900
2019-03-20 11.00.00.000,1.13491,134910,1.13547,135470,1.13474,134740,1.13506,135060
2019-03-20 12.00.00.000,1.13505,135050,1.13576,135760,1.13497,134970,1.13576,135760
2019-03-20 13.00.00.000,1.13578,135780,1.1366,136600,1.1354,135400,1.13543,135430
2019-03-20 14.00.00.000,1.13544,135440,1.13609,136090,1.13525,135250,1.13591,135910
2019-03-20 15.00.00.000,1.13596,135960,1.13642,136420,1.13555,135550,1.13569,135690
2019-03-20 16.00.00.000,1.13568,135680,1.13614,136140,1.13458,134580,1.13524,135240
2019-03-20 17.00.00.000,1.1352,135200,1.13564,135640,1.13478,134780,1.13497,134970
2019-03-20 18.00.00.000,1.13494,134940,1.13578,135780,1.13471,134710,1.13558,135580
2019-03-20 19.00.00.000,1.13575,135750,1.14468,144680,1.13575,135750,1.14455,144550
2019-03-20 20.00.00.000,1.14454,144540,1.14478,144780,1.14169,141690,1.14335,143350
2019-03-20 21.00.00.000,1.14339,143390,1.14339,143390,1.14097,140970,1.14128,141280
2019-03-20 22.00.00.000,1.14127,141270,1.14239,142390,1.14109,141090,1.14234,142340
2019-03-20 23.00.00.000,1.14256,142560,1.14257,142570,1.1421,142100,1.1421,142100
2019-03-21 00.00.00.000,1.14211,142110,1.14299,142990,1.14211,142110,1.14282,142820
2019-03-21 01.00.00.000,1.14281,142810,1.14342,143420,1.14243,142430,1.14316,143160
2019-03-21 02.00.00.000,1.14317,143170,1.14372,143720,1.14265,142650,1.14313,143130
2019-03-21 03.00.00.000,1.14314,143140,1.14341,143410,1.14263,142630,1.14278,142780
2019-03-21 04.00.00.000,1.14276,142760,1.14306,143060,1.14225,142250,1.14238,142380
2019-03-21 05.00.00.000,1.14239,142390,1.14261,142610,1.14211,142110,1.14258,142580
2019-03-21 06.00.00.000,1.14259,142590,1.14266,142660,1.14184,141840,1.14196,141960
2019-03-21 07.00.00.000,1.142,142000,1.1425,142500,1.14178,141780,1.14235,142350
2019-03-21 08.00.00.000,1.14234,142340,1.14295,142950,1.1412,141200,1.14132,141320
2019-03-21 09.00.00.000,1.1413,141300,1.14136,141360,1.13927,139270,1.13984,139840
2019-03-21 10.00.00.000,1.13989,139890,1.14069,140690,1.13979,139790,1.14059,140590
2019-03-21 11.00.00.000,1.1406,140600,1.14068,140680,1.13843,138430,1.13883,138830
2019-03-21 12.00.00.000,1.13882,138820,1.13953,139530,1.13838,138380,1.1392,139200
2019-03-21 13.00.00.000,1.13922,139220,1.13965,139650,1.13841,138410,1.13852,138520
2019-03-21 14.00.00.000,1.13851,138510,1.1395,139500,1.13786,137860,1.13917,139170
2019-03-21 15.00.00.000,1.13918,139180,1.13919,139190,1.13641,136410,1.13712,137120
2019-03-21 16.00.00.000,1.13713,137130,1.13721,137210,1.13536,135360,1.13606,136060
2019-03-21 17.00.00.000,1.13605,136050,1.13622,136220,1.1343,134300,1.1352,135200
2019-03-21 18.00.00.000,1.13515,135150,1.13531,135310,1.13424,134240,1.13526,135260
2019-03-21 19.00.00.000,1.13525,135250,1.1363,136300,1.13465,134650,1.13529,135290
2019-03-21 20.00.00.000,1.13531,135310,1.1367,136700,1.13519,135190,1.13667,136670
2019-03-21 21.00.00.000,1.13665,136650,1.13771,137710,1.13637,136370,1.13726,137260
2019-03-21 22.00.00.000,1.13731,137310,1.13788,137880,1.13693,136930,1.13732,137320
2019-03-21 23.00.00.000,1.13737,137370,1.13773,137730,1.13724,137240,1.13764,137640
2019-03-22 00.00.00.000,1.13758,137580,1.13771,137710,1.13733,137330,1.13737,137370
2019-03-22 01.00.00.000,1.13738,137380,1.13742,137420,1.13611,136110,1.13669,136690
2019-03-22 02.00.00.000,1.1367,136700,1.13761,137610,1.13648,136480,1.13757,137570
2019-03-22 03.00.00.000,1.13756,137560,1.13767,137670,1.13709,137090,1.13736,137360
2019-03-22 04.00.00.000,1.13738,137380,1.1376,137600,1.13721,137210,1.13745,137450
2019-03-22 05.00.00.000,1.13746,137460,1.13776,137760,1.13739,137390,1.13775,137750
2019-03-22 06.00.00.000,1.13774,137740,1.13786,137860,1.13752,137520,1.13768,137680
2019-03-22 07.00.00.000,1.13769,137690,1.13807,138070,1.13761,137610,1.13796,137960
2019-03-22 08.00.00.000,1.13795,137950,1.13905,139050,1.13786,137860,1.13874,138740
2019-03-22 09.00.00.000,1.13875,138750,1.13902,139020,1.12883,128830,1.13031,130310
2019-03-22 10.00.00.000,1.1303,130300,1.13129,131290,1.12926,129260,1.13046,130460
2019-03-22 11.00.00.000,1.13047,130470,1.13195,131950,1.12945,129450,1.1309,130900
2019-03-22 12.00.00.000,1.13091,130910,1.13116,131160,1.12938,129380,1.12986,129860
2019-03-22 13.00.00.000,1.12985,129850,1.13105,131050,1.12961,129610,1.13055,130550
2019-03-22 14.00.00.000,1.13054,130540,1.13153,131530,1.12952,129520,1.13047,130470
2019-03-22 15.00.00.000,1.13045,130450,1.1309,130900,1.12763,127630,1.12786,127860
2019-03-22 16.00.00.000,1.12787,127870,1.12866,128660,1.12732,127320,1.12822,128220
2019-03-22 17.00.00.000,1.12825,128250,1.12956,129560,1.12815,128150,1.1284,128400
2019-03-22 18.00.00.000,1.12838,128380,1.12974,129740,1.1282,128200,1.12964,129640
2019-03-22 19.00.00.000,1.12966,129660,1.12967,129670,1.12833,128330,1.12937,129370
2019-03-22 20.00.00.000,1.12934,129340,1.13012,130120,1.12932,129320,1.12973,129730
2019-03-24 22.00.00.000,1.12974,129740,1.13017,130170,1.12937,129370,1.12991,129910
2019-03-24 23.00.00.000,1.12978,129780,1.12987,129870,1.12938,129380,1.12954,129540
2019-03-25 00.00.00.000,1.12957,129570,1.12981,129810,1.12947,129470,1.12954,129540
2019-03-25 01.00.00.000,1.12955,129550,1.12964,129640,1.12888,128880,1.12898,128980
2019-03-25 02.00.00.000,1.12899,128990,1.12954,129540,1.12899,128990,1.12948,129480
2019-03-25 03.00.00.000,1.12949,129490,1.12994,129940,1.12949,129490,1.12959,129590
2019-03-25 04.00.00.000,1.12957,129570,1.13,130000,1.12947,129470,1.12989,129890
2019-03-25 05.00.00.000,1.12988,129880,1.13005,130050,1.12959,129590,1.12979,129790
2019-03-25 06.00.00.000,1.1298,129800,1.1304,130400,1.1298,129800,1.1303,130300
2019-03-25 07.00.00.000,1.13027,130270,1.13045,130450,1.12998,129980,1.13031,130310
2019-03-25 08.00.00.000,1.1303,130300,1.1314,131400,1.13027,130270,1.13088,130880
2019-03-25 09.00.00.000,1.13081,130810,1.13118,131180,1.12945,129450,1.13081,130810
2019-03-25 10.00.00.000,1.13082,130820,1.13232,132320,1.13076,130760,1.13202,132020
2019-03-25 11.00.00.000,1.13201,132010,1.13247,132470,1.13123,131230,1.13125,131250
2019-03-25 12.00.00.000,1.13124,131240,1.13138,131380,1.13036,130360,1.1309,130900
2019-03-25 13.00.00.000,1.13089,130890,1.13239,132390,1.13087,130870,1.13182,131820
2019-03-25 14.00.00.000,1.13184,131840,1.13268,132680,1.13123,131230,1.13163,131630
2019-03-25 15.00.00.000,1.13162,131620,1.13255,132550,1.13113,131130,1.13213,132130
2019-03-25 16.00.00.000,1.13211,132110,1.13311,133110,1.13179,131790,1.13215,132150
2019-03-25 17.00.00.000,1.13214,132140,1.13232,132320,1.13104,131040,1.13114,131140
2019-03-25 18.00.00.000,1.13112,131120,1.13207,132070,1.131,131000,1.13163,131630
2019-03-25 19.00.00.000,1.13162,131620,1.13259,132590,1.13106,131060,1.13119,131190
2019-03-25 20.00.00.000,1.1312,131200,1.13147,131470,1.13107,131070,1.13147,131470
2019-03-25 21.00.00.000,1.13146,131460,1.13147,131470,1.13099,130990,1.13114,131140
2019-03-25 22.00.00.000,1.13116,131160,1.13153,131530,1.13098,130980,1.13141,131410
2019-03-25 23.00.00.000,1.13167,131670,1.13191,131910,1.13139,131390,1.13143,131430
2019-03-26 00.00.00.000,1.13144,131440,1.13168,131680,1.13141,131410,1.13151,131510
2019-03-26 01.00.00.000,1.13149,131490,1.13185,131850,1.13128,131280,1.13175,131750
2019-03-26 02.00.00.000,1.13176,131760,1.13217,132170,1.13149,131490,1.13163,131630
2019-03-26 03.00.00.000,1.13162,131620,1.13169,131690,1.1314,131400,1.13166,131660
2019-03-26 04.00.00.000,1.13165,131650,1.13176,131760,1.13143,131430,1.1316,131600
2019-03-26 05.00.00.000,1.13159,131590,1.13174,131740,1.13109,131090,1.13109,131090
2019-03-26 06.00.00.000,1.13108,131080,1.13118,131180,1.1305,130500,1.13072,130720
2019-03-26 07.00.00.000,1.13073,130730,1.13117,131170,1.13065,130650,1.13077,130770
2019-03-26 08.00.00.000,1.13075,130750,1.13166,131660,1.1305,130500,1.13125,131250
2019-03-26 09.00.00.000,1.13122,131220,1.13152,131520,1.13027,130270,1.13066,130660
2019-03-26 10.00.00.000,1.13068,130680,1.13187,131870,1.13065,130650,1.1317,131700
2019-03-26 11.00.00.000,1.13169,131690,1.13258,132580,1.13146,131460,1.13232,132320
2019-03-26 12.00.00.000,1.13231,132310,1.13256,132560,1.13087,130870,1.13104,131040
2019-03-26 13.00.00.000,1.13105,131050,1.13116,131160,1.12846,128460,1.12876,128760
2019-03-26 14.00.00.000,1.12874,128740,1.1296,129600,1.12801,128010,1.12851,128510
2019-03-26 15.00.00.000,1.12854,128540,1.12997,129970,1.12854,128540,1.12973,129730
2019-03-26 16.00.00.000,1.12977,129770,1.12985,129850,1.12778,127780,1.1279,127900
2019-03-26 17.00.00.000,1.12791,127910,1.12903,129030,1.1279,127900,1.12882,128820
2019-03-26 18.00.00.000,1.12883,128830,1.12945,129450,1.1278,127800,1.12831,128310
2019-03-26 19.00.00.000,1.1283,128300,1.12835,128350,1.12761,127610,1.12771,127710
2019-03-26 20.00.00.000,1.1277,127700,1.12808,128080,1.1265,126500,1.12691,126910
2019-03-26 21.00.00.000,1.12692,126920,1.12713,127130,1.12632,126320,1.1265,126500
2019-03-26 22.00.00.000,1.12637,126370,1.1272,127200,1.12629,126290,1.12698,126980
2019-03-26 23.00.00.000,1.12713,127130,1.1277,127700,1.12706,127060,1.12753,127530
2019-03-27 00.00.00.000,1.12752,127520,1.12764,127640,1.12732,127320,1.12737,127370
2019-03-27 01.00.00.000,1.12735,127350,1.12743,127430,1.12612,126120,1.12667,126670
2019-03-27 02.00.00.000,1.12669,126690,1.12672,126720,1.12548,125480,1.12556,125560
2019-03-27 03.00.00.000,1.12553,125530,1.12575,125750,1.12507,125070,1.12568,125680
2019-03-27 04.00.00.000,1.12567,125670,1.12571,125710,1.12527,125270,1.12527,125270
2019-03-27 05.00.00.000,1.12528,125280,1.12579,125790,1.12527,125270,1.12575,125750
2019-03-27 06.00.00.000,1.12577,125770,1.12596,125960,1.12536,125360,1.12571,125710
2019-03-27 07.00.00.000,1.1257,125700,1.12666,126660,1.12564,125640,1.1266,126600
2019-03-27 08.00.00.000,1.12658,126580,1.1266,126600,1.12467,124670,1.12521,125210
2019-03-27 09.00.00.000,1.1252,125200,1.12779,127790,1.12499,124990,1.12754,127540
2019-03-27 10.00.00.000,1.12755,127550,1.1285,128500,1.12698,126980,1.128,128000
2019-03-27 11.00.00.000,1.12801,128010,1.12855,128550,1.12745,127450,1.12777,127770
2019-03-27 12.00.00.000,1.12774,127740,1.12843,128430,1.12679,126790,1.12804,128040
2019-03-27 13.00.00.000,1.12806,128060,1.12828,128280,1.1266,126600,1.12712,127120
2019-03-27 14.00.00.000,1.12711,127110,1.12719,127190,1.12481,124810,1.12583,125830
2019-03-27 15.00.00.000,1.12585,125850,1.12603,126030,1.12438,124380,1.12518,125180
2019-03-27 16.00.00.000,1.12517,125170,1.12567,125670,1.12421,124210,1.12509,125090
2019-03-27 17.00.00.000,1.12507,125070,1.12655,126550,1.12437,124370,1.12626,126260
2019-03-27 18.00.00.000,1.12629,126290,1.12675,126750,1.12511,125110,1.12537,125370
2019-03-27 19.00.00.000,1.12538,125380,1.12652,126520,1.12522,125220,1.12639,126390
2019-03-27 20.00.00.000,1.12641,126410,1.12641,126410,1.12473,124730,1.12512,125120
2019-03-27 21.00.00.000,1.12509,125090,1.12512,125120,1.12432,124320,1.12436,124360
2019-03-27 22.00.00.000,1.12435,124350,1.12544,125440,1.12435,124350,1.12524,125240
2019-03-27 23.00.00.000,1.12501,125010,1.12526,125260,1.1249,124900,1.1249,124900
2019-03-28 00.00.00.000,1.12491,124910,1.12522,125220,1.12476,124760,1.1252,125200
2019-03-28 01.00.00.000,1.12516,125160,1.1254,125400,1.12469,124690,1.12481,124810
2019-03-28 02.00.00.000,1.12485,124850,1.12533,125330,1.12431,124310,1.12457,124570
2019-03-28 03.00.00.000,1.12456,124560,1.12552,125520,1.12456,124560,1.12551,125510
2019-03-28 04.00.00.000,1.1255,125500,1.12574,125740,1.12525,125250,1.12546,125460
2019-03-28 05.00.00.000,1.12544,125440,1.1255,125500,1.1252,125200,1.12546,125460
2019-03-28 06.00.00.000,1.12547,125470,1.12578,125780,1.12533,125330,1.12567,125670
2019-03-28 07.00.00.000,1.12564,125640,1.12611,126110,1.12549,125490,1.12561,125610
2019-03-28 08.00.00.000,1.12564,125640,1.12605,126050,1.12368,123680,1.12381,123810
2019-03-28 09.00.00.000,1.12382,123820,1.12548,125480,1.1234,123400,1.12521,125210
2019-03-28 10.00.00.000,1.12524,125240,1.12587,125870,1.12499,124990,1.12548,125480
2019-03-28 11.00.00.000,1.12549,125490,1.12582,125820,1.12469,124690,1.12516,125160
2019-03-28 12.00.00.000,1.12517,125170,1.12517,125170,1.1224,122400,1.12255,122550
2019-03-28 13.00.00.000,1.12257,122570,1.12335,123350,1.12207,122070,1.12211,122110
2019-03-28 14.00.00.000,1.12213,122130,1.12305,123050,1.12135,121350,1.12171,121710
2019-03-28 15.00.00.000,1.12175,121750,1.12368,123680,1.12175,121750,1.12341,123410
2019-03-28 16.00.00.000,1.1234,123400,1.12385,123850,1.12215,122150,1.12355,123550
2019-03-28 17.00.00.000,1.12354,123540,1.12358,123580,1.12153,121530,1.12271,122710
2019-03-28 18.00.00.000,1.1227,122700,1.12364,123640,1.12245,122450,1.12351,123510
2019-03-28 19.00.00.000,1.12353,123530,1.12377,123770,1.12247,122470,1.12266,122660
2019-03-28 20.00.00.000,1.12264,122640,1.12284,122840,1.122,122000,1.12232,122320
2019-03-28 21.00.00.000,1.12234,122340,1.12272,122720,1.12183,121830,1.12183,121830
2019-03-28 22.00.00.000,1.12179,121790,1.12289,122890,1.12169,121690,1.12257,122570
2019-03-28 23.00.00.000,1.12283,122830,1.12298,122980,1.12265,122650,1.1228,122800
2019-03-29 00.00.00.000,1.12281,122810,1.12297,122970,1.1226,122600,1.12297,122970
2019-03-29 01.00.00.000,1.12298,122980,1.12347,123470,1.12246,122460,1.1232,123200
2019-03-29 02.00.00.000,1.12318,123180,1.12329,123290,1.12263,122630,1.12273,122730
2019-03-29 03.00.00.000,1.1227,122700,1.12303,123030,1.12237,122370,1.12301,123010
2019-03-29 04.00.00.000,1.123,123000,1.123,123000,1.12257,122570,1.12283,122830
2019-03-29 05.00.00.000,1.12281,122810,1.12303,123030,1.12232,122320,1.12299,122990
2019-03-29 06.00.00.000,1.12295,122950,1.12357,123570,1.12288,122880,1.12338,123380
2019-03-29 07.00.00.000,1.12337,123370,1.12356,123560,1.1229,122900,1.12345,123450
2019-03-29 08.00.00.000,1.12344,123440,1.12387,123870,1.12284,122840,1.123,123000
2019-03-29 09.00.00.000,1.12301,123010,1.1236,123600,1.12221,122210,1.12299,122990
2019-03-29 10.00.00.000,1.12302,123020,1.12317,123170,1.12113,121130,1.12113,121130
2019-03-29 11.00.00.000,1.12112,121120,1.12266,122660,1.12096,120960,1.12229,122290
2019-03-29 12.00.00.000,1.12232,122320,1.12363,123630,1.12229,122290,1.12298,122980
2019-03-29 13.00.00.000,1.12297,122970,1.12465,124650,1.12273,122730,1.12317,123170
2019-03-29 14.00.00.000,1.12318,123180,1.12389,123890,1.1229,122900,1.12349,123490
2019-03-29 15.00.00.000,1.12341,123410,1.12416,124160,1.12207,122070,1.12275,122750
2019-03-29 16.00.00.000,1.12271,122710,1.12362,123620,1.12204,122040,1.12269,122690
2019-03-29 17.00.00.000,1.12276,122760,1.12307,123070,1.12208,122080,1.1225,122500
2019-03-29 18.00.00.000,1.12249,122490,1.12251,122510,1.12148,121480,1.12212,122120
2019-03-29 19.00.00.000,1.12213,122130,1.12272,122720,1.1214,121400,1.12152,121520
2019-03-29 20.00.00.000,1.12151,121510,1.12213,122130,1.12133,121330,1.12174,121740
2019-03-31 22.00.00.000,1.12173,121730,1.12185,121850,1.12153,121530,1.12172,121720
2019-03-31 23.00.00.000,1.12263,122630,1.12267,122670,1.12213,122130,1.12218,122180
2019-04-01 00.00.00.000,1.12219,122190,1.1225,122500,1.12202,122020,1.12232,122320
2019-04-01 01.00.00.000,1.12233,122330,1.12282,122820,1.12211,122110,1.12281,122810
2019-04-01 02.00.00.000,1.12282,122820,1.12296,122960,1.12251,122510,1.12261,122610
2019-04-01 03.00.00.000,1.12263,122630,1.12329,123290,1.12243,122430,1.12317,123170
2019-04-01 04.00.00.000,1.12316,123160,1.12339,123390,1.12303,123030,1.1232,123200
2019-04-01 05.00.00.000,1.12321,123210,1.12352,123520,1.12315,123150,1.1234,123400
2019-04-01 06.00.00.000,1.12341,123410,1.12419,124190,1.12339,123390,1.1239,123900
2019-04-01 07.00.00.000,1.12385,123850,1.12393,123930,1.12322,123220,1.1234,123400
2019-04-01 08.00.00.000,1.12337,123370,1.1243,124300,1.12275,122750,1.1239,123900
2019-04-01 09.00.00.000,1.12389,123890,1.12499,124990,1.12343,123430,1.12458,124580
2019-04-01 10.00.00.000,1.12461,124610,1.12488,124880,1.12363,123630,1.12377,123770
2019-04-01 11.00.00.000,1.12376,123760,1.12383,123830,1.12308,123080,1.12314,123140
2019-04-01 12.00.00.000,1.12313,123130,1.12384,123840,1.12271,122710,1.12293,122930
2019-04-01 13.00.00.000,1.12295,122950,1.12484,124840,1.12295,122950,1.12349,123490
2019-04-01 14.00.00.000,1.12348,123480,1.12452,124520,1.12301,123010,1.12356,123560
2019-04-01 15.00.00.000,1.12309,123090,1.1234,123400,1.12117,121170,1.12204,122040
2019-04-01 16.00.00.000,1.12203,122030,1.12238,122380,1.12086,120860,1.12096,120960
2019-04-01 17.00.00.000,1.12095,120950,1.12115,121150,1.12042,120420,1.12063,120630
2019-04-01 18.00.00.000,1.12062,120620,1.12099,120990,1.12041,120410,1.12082,120820
2019-04-01 19.00.00.000,1.1208,120800,1.12128,121280,1.12063,120630,1.12125,121250
2019-04-01 20.00.00.000,1.12124,121240,1.12127,121270,1.12087,120870,1.12102,121020
2019-04-01 21.00.00.000,1.12101,121010,1.12138,121380,1.12086,120860,1.12123,121230
2019-04-01 22.00.00.000,1.12119,121190,1.12119,121190,1.11984,119840,1.1202,120200
2019-04-01 23.00.00.000,1.12026,120260,1.12064,120640,1.12025,120250,1.12062,120620
2019-04-02 00.00.00.000,1.12061,120610,1.12078,120780,1.12047,120470,1.1205,120500
2019-04-02 01.00.00.000,1.12052,120520,1.12086,120860,1.12046,120460,1.12057,120570
2019-04-02 02.00.00.000,1.12056,120560,1.12059,120590,1.11972,119720,1.12033,120330
2019-04-02 03.00.00.000,1.12035,120350,1.12055,120550,1.12012,120120,1.12027,120270
2019-04-02 04.00.00.000,1.12026,120260,1.12051,120510,1.11992,119920,1.12024,120240
2019-04-02 05.00.00.000,1.12028,120280,1.12028,120280,1.11958,119580,1.12023,120230
2019-04-02 06.00.00.000,1.12024,120240,1.12114,121140,1.1201,120100,1.12077,120770
2019-04-02 07.00.00.000,1.12076,120760,1.12079,120790,1.11991,119910,1.12009,120090
2019-04-02 08.00.00.000,1.12008,120080,1.12037,120370,1.11902,119020,1.11994,119940
2019-04-02 09.00.00.000,1.11995,119950,1.12048,120480,1.11935,119350,1.1198,119800
2019-04-02 10.00.00.000,1.11981,119810,1.12058,120580,1.11974,119740,1.12038,120380
2019-04-02 11.00.00.000,1.12037,120370,1.12059,120590,1.1199,119900,1.12002,120020
2019-04-02 12.00.00.000,1.12,120000,1.12056,120560,1.11972,119720,1.12013,120130
2019-04-02 13.00.00.000,1.12014,120140,1.1212,121200,1.11984,119840,1.12058,120580
2019-04-02 14.00.00.000,1.12056,120560,1.12079,120790,1.11981,119810,1.12014,120140
2019-04-02 15.00.00.000,1.12015,120150,1.1206,120600,1.11852,118520,1.11913,119130
2019-04-02 16.00.00.000,1.11911,119110,1.11931,119310,1.11837,118370,1.11864,118640
2019-04-02 17.00.00.000,1.11863,118630,1.11981,119810,1.11857,118570,1.1197,119700
2019-04-02 18.00.00.000,1.11968,119680,1.1216,121600,1.1193,119300,1.11943,119430
2019-04-02 19.00.00.000,1.11944,119440,1.11981,119810,1.1192,119200,1.11979,119790
2019-04-02 20.00.00.000,1.1198,119800,1.12024,120240,1.11941,119410,1.12012,120120
2019-04-02 21.00.00.000,1.12009,120090,1.12053,120530,1.11989,119890,1.12041,120410
2019-04-02 22.00.00.000,1.12034,120340,1.12058,120580,1.12004,120040,1.12027,120270
2019-04-02 23.00.00.000,1.12024,120240,1.12049,120490,1.12021,120210,1.12044,120440
